brand,model,bluray_read_speed,dvd_read_speed,cd_read_speed,bluray_write_speed,dvd_write_speed,cd_write_speed,price
archgon,cb-5021-gb,0.1666666666666666,0.1764705882352941,0.0,6/2/2/2,8/8/6/8/6/6/5,24/4,0.0
archgon,cb-5021-gd,0.1666666666666666,0.1764705882352941,0.0,6/2/2/2,8/8/6/8/6/6/5,24/24,0.0
asus,bc-06b1st,0.1666666666666666,0.6470588235294117,0.9230769230769232,6/4/6/4,8/8/6/8/6/6/5,48/32,0.0
asus,bc-12b1st,0.1666666666666666,0.6470588235294117,0.9230769230769232,6/4/6/4,16/8/8/16/6/8/12,48/24,0.0
asus,bc-12b1st/blk/b/as,0.6666666666666667,0.6470588235294117,0.9230769230769232,6/4/6/4,16/8/8/16/6/8/12,48/24,0.0
asus,bc-12d2ht,0.6666666666666667,0.6470588235294117,0.9230769230769232,12/8/8/6,16/8/8/6/12/8/5,48/24,0.0
asus,bw-12b1st/blk/g/as,0.3333333333333333,0.6470588235294117,0.9230769230769232,12/4/2/2,16/8/8/16/6/8/12,48/24,0.0
asus,bw-14d1xt,0.6666666666666667,0.6470588235294117,0.9230769230769232,14/12/2/2,16/8/8/16/6/8/5,48/24,0.0
asus,bw-16d1ht,0.6666666666666667,0.6470588235294117,0.9230769230769232,16/12/2/2,16/8/8/16/6/8/5,48/24,0.0
asus,drw-2014l1t,0.6666666666666667,0.6470588235294117,0.9230769230769232,16/12/2/2,20/8/8/20/6/8/14,48/32,0.0
asus,drw-22b2sb/blk/b/as,0.6666666666666667,0.6470588235294117,0.9230769230769232,16/12/2/2,22/8/12/22/6/12/12,48/32,0.0
asus,drw-22b3s/blk/g/as,0.6666666666666667,0.6470588235294117,0.9230769230769232,16/12/2/2,22/8/12/22/6/12/12,48/24,0.0
asus,drw-24b1st/blk/b/as,0.6666666666666667,0.6470588235294117,0.9230769230769232,16/12/2/2,24/8/12/24/6/12/12,48/32,0.0
asus,drw-24b3lt,0.6666666666666667,0.6470588235294117,0.9230769230769232,16/12/2/2,24/8/12/24/6/12/12,48/24,0.0
asus,drw-24b3lt/blk/g/as,0.6666666666666667,0.6470588235294117,0.9230769230769232,16/12/2/2,24/8/12/24/6/12/12,48/24,0.0
asus,drw-24b3st/blk/g/as,0.6666666666666667,0.6470588235294117,0.9230769230769232,16/12/2/2,24/8/12/24/6/12/12,48/24,0.0
asus,drw-24d3st,0.6666666666666667,0.6470588235294117,0.9230769230769232,16/12/2/2,16/13/12/16/8/12/5,48/40,0.0
asus,drw-24d5mt,0.6666666666666667,0.6470588235294117,0.9230769230769232,16/12/2/2,16/13/12/16/8/12/5,48/40,0.0
asus,drw-24f1mt,0.6666666666666667,0.6470588235294117,0.9230769230769232,16/12/2/2,24/8/8/24/6/8/5,48/24,0.0
asus,drw-24f1st,0.6666666666666667,0.6470588235294117,0.9230769230769232,16/12/2/2,24/8/8/24/6/8/5,48/24,0.0
asus,dvd-e818aat/blk/b/ge,0.6666666666666667,0.7647058823529411,0.9230769230769232,16/12/2/2,24/8/8/24/6/8/5,48/24,0.0
asus,dvd-e818aat/blk/b/gen,0.6666666666666667,0.7647058823529411,0.9230769230769232,16/12/2/2,24/8/8/24/6/8/5,48/24,0.0
asus,dvde818a7t/blk/b/gen,0.6666666666666667,0.7647058823529411,0.9230769230769232,16/12/2/2,16/10/8/16/10/8/5,48/24,0.0
buslink,dbw-1647,0.6666666666666667,0.6470588235294117,0.9230769230769232,16/12/2/2,16/10/8/16/10/8/5,48/32,0.0
evga,100-od-s101-br,0.6666666666666667,0.6470588235294117,0.9230769230769232,16/12/2/2,8/8/6/8/6/6/5,24/24,0.0
gear head,24xdvdintls,0.6666666666666667,0.6470588235294117,0.9230769230769232,16/12/2/2,8/8/6/8/6/6/5,24/24,0.0
hp,447326-b21,0.6666666666666667,0.6470588235294117,0.6153846153846154,16/12/2/2,24/8/12/24/6/12/12,48/32,0.0
hp,447328-b21,0.6666666666666667,0.6470588235294117,1.0,16/12/2/2,24/8/12/24/6/12/12,40/32,0.0
hp,481041-b21,0.6666666666666667,0.1764705882352941,0.0,16/12/2/2,24/8/12/24/6/12/12,40/32,0.0
hp,624192-b21,0.6666666666666667,0.1764705882352941,0.0,16/12/2/2,16/8/8/16/6/8/5,40/24,0.0
hp,652238-b21,0.6666666666666667,0.1764705882352941,0.0,16/12/2/2,16/8/8/16/6/8/5,40/24,0.0
hp,ar629aa,0.6666666666666667,0.6470588235294117,0.9230769230769232,16/12/2/2,16/8/8/16/6/8/5,40/24,0.0
hp,dvd1265i,0.6666666666666667,0.6470588235294117,0.9230769230769232,16/12/2/2,16/8/8/16/6/8/5,48/32,0.0
hp,qs208aa,0.6666666666666667,0.6470588235294117,0.9230769230769232,16/12/2/2,16/8/8/16/6/8/5,48/32,0.0
i/o magic,ibd1,0.4999999999999999,0.6470588235294117,0.9230769230769232,12/8/2/2,16/8/8/16/6/8/12,48/24,0.0
i/o magic,idvd22dl,0.4999999999999999,0.6470588235294117,0.9230769230769232,12/8/2/2,22/8/16/22/6/16/12,48/32,0.0
i/o magic,idvd24s,0.4999999999999999,0.6470588235294117,0.9230769230769232,12/8/2/2,24/8/16/24/1/16/12,48/32,0.0
lg,bh10ls30,0.1666666666666666,0.6470588235294117,0.9230769230769232,10/8/8/6,16/8/8/16/8/8/12,48/24,0.0
lg,bh12ls35,0.1666666666666666,0.6470588235294117,0.9230769230769232,12/12/2/2,16/12/12/16/12/12/12,48/24,0.0
lg,bh12ls38,0.6666666666666667,0.6470588235294117,0.9230769230769232,12/12/2/2,16/8/8/16/6/8/12,48/24,0.0
lg,bh14ns40,0.6666666666666667,0.6470588235294117,0.9230769230769232,14/12/2/2,16/8/8/16/6/8/5,48/24,0.0
lg,bh16ns40,0.6666666666666667,0.6470588235294117,0.9230769230769232,14/12/2/2,16/8/8/16/6/8/5,48/24,0.0
lg,bh16ns55.auar10b,0.6666666666666667,0.6470588235294117,0.6153846153846154,8/8/8/6,16/12/12/16/12/12/5,48/40,0.0
lg,bt30n,0.1666666666666666,0.1764705882352941,0.0,8/8/8/6,8/8/6/8/6/6/5,24/24,0.0
lg,ch10ls20 oem,0.4999999999999999,0.6470588235294117,0.9230769230769232,8/8/8/6,8/8/6/8/6/6/5,48/24,0.0
lg,ch10ls28,0.4999999999999999,0.6470588235294117,0.9230769230769232,8/8/8/6,16/8/8/16/6/8/12,48/24,0.0
lg,ch12ls28,0.4999999999999999,0.6470588235294117,0.9230769230769232,8/8/8/6,16/8/8/16/6/8/12,48/24,0.0
lg,cu20n,0.1666666666666666,0.1764705882352941,0.0,8/8/8/6,8/8/6/8/6/6/5,24/16,0.0
lg,ggc-h20l,0.1666666666666666,0.6470588235294117,0.6153846153846154,8/8/8/6,8/8/6/8/6/6/5,24/16,0.0
lg,gh10n,0.1666666666666666,0.6470588235294117,0.6153846153846154,8/8/8/6,8/8/6/8/6/6/5,24/16,0.0
lg,gh22lp21,0.1666666666666666,0.6470588235294117,0.9230769230769232,8/8/8/6,22/8/16/22/6/12/12,48/32,0.0
lg,gh22np21,0.1666666666666666,0.6470588235294117,0.9230769230769232,8/8/8/6,22/8/16/22/6/12/12,48/32,0.0
lg,gh22ns50 bulk,0.1666666666666666,0.6470588235294117,0.9230769230769232,8/8/8/6,22/8/16/22/6/12/12,48/32,0.0
lg,gh22ns70 oem,0.1666666666666666,0.6470588235294117,0.9230769230769232,8/8/8/6,22/8/8/22/6/8/12,48/32,0.0
lg,gh22ns90b,0.1666666666666666,0.6470588235294117,0.9230769230769232,8/8/8/6,22/8/8/22/6/8/12,48/32,0.0
lg,gh24ls70,0.1666666666666666,0.6470588235294117,0.9230769230769232,8/8/8/6,24/8/8/24/6/8/12,48/32,0.0
lg,gh24ns70 oem,0.1666666666666666,0.6470588235294117,0.9230769230769232,8/8/8/6,24/8/8/24/6/8/12,48/32,0.0
lg,gh24ns72,0.1666666666666666,0.6470588235294117,0.9230769230769232,8/8/8/6,24/8/8/24/6/8/12,48/32,0.0
lg,gh24ns90,0.1666666666666666,0.6470588235294117,0.9230769230769232,8/8/8/6,24/8/8/24/6/8/12,48/32,0.0
lg,gh24ns95,0.1666666666666666,0.6470588235294117,0.9230769230769232,8/8/8/6,24/8/8/24/6/8/5,48/24,0.0
lg,gh24nsb0,0.1666666666666666,0.6470588235294117,0.9230769230769232,8/8/8/6,24/8/8/24/6/8/5,48/24,0.0
lg,gh24nsb0b,0.1666666666666666,0.6470588235294117,0.9230769230769232,8/8/8/6,24/8/8/24/6/8/5,48/24,0.0
lg,gh24nsc0,0.1666666666666666,0.6470588235294117,0.9230769230769232,8/8/8/6,24/8/8/24/6/8/5,48/24,0.0
lg,gh24nsc0b,0.1666666666666666,0.6470588235294117,0.9230769230769232,8/8/8/6,24/8/8/24/6/8/5,48/24,0.0
lg,gh24nsd1,0.1666666666666666,0.6470588235294117,0.9230769230769232,8/8/8/6,24/8/16/24/6/12/12,48/32,0.0
lg,gh24nsd5,0.1666666666666666,0.6470588235294117,0.9230769230769232,8/8/8/6,24/8/12/8/6/12/12,48/24,0.0
lg,gs40n,0.1666666666666666,0.1764705882352941,0.0,8/8/8/6,8/8/6/8/6/6/5,24/16,0.0
lg,gt80n,0.1666666666666666,0.1764705882352941,0.0,8/8/8/6,8/8/6/8/6/6/5,24/24,0.0
lg,gtb0n,0.1666666666666666,0.1764705882352941,0.0,8/8/8/6,8/6/6/8/6/6/5,24/24,0.0
lg,gub0n,0.1666666666666666,0.1764705882352941,0.0,8/8/8/6,8/6/6/8/6/6/5,24/24,0.0
lg,uh12ls28 oem,0.6666666666666667,0.6470588235294117,0.9230769230769232,8/8/8/6,16/8/8/16/6/8/12,48/24,0.0
lg,uh12ls29,0.4999999999999999,0.6470588235294117,0.9230769230769232,8/8/8/6,16/8/8/16/6/8/12,48/24,0.0
lg,uh12ns29,0.4999999999999999,0.6470588235294117,0.9230769230769232,8/8/8/6,16/8/8/16/6/8/12,48/24,0.0
lg,uh12ns30,0.6666666666666667,0.6470588235294117,0.9230769230769232,8/8/8/6,16/8/8/16/6/8/5,48/24,0.0
lg,uh12ns40,0.6666666666666667,0.6470588235294117,0.9230769230769232,8/8/8/6,16/8/8/16/6/8/5,48/24,0.0
lg,wh12ls30,0.4999999999999999,0.6470588235294117,0.9230769230769232,12/12/2/2,16/8/8/16/6/8/12,48/24,0.0
lg,wh12ls38,0.4999999999999999,0.6470588235294117,0.9230769230769232,12/12/2/2,16/8/8/16/6/8/12,48/24,0.0
lg,wh12ls39,0.4999999999999999,0.6470588235294117,0.9230769230769232,12/12/2/2,16/8/8/16/6/8/12,48/24,0.0
lg,wh14ns40,0.6666666666666667,0.6470588235294117,0.9230769230769232,14/12/2/2,16/8/8/16/6/8/5,48/24,0.0
lg,wh16ns40,0.6666666666666667,0.6470588235294117,0.9230769230769232,16/12/2/2,16/8/8/16/6/8/5,48/24,0.0
lg,wh16ns60,0.6666666666666667,0.6470588235294117,0.9230769230769232,16/12/2/2,16/8/8/16/6/8/5,48/24,0.0
lenovo,0a65618,0.6666666666666667,0.6470588235294117,0.9230769230769232,16/12/2/2,16/12/12/16/12/12/12,48/40,0.0
lenovo,41n5618,0.6666666666666667,0.6470588235294117,0.6153846153846154,16/12/2/2,16/12/12/16/12/12/12,48/40,0.0
lite-on,dc-8a2sh,0.6666666666666667,0.1764705882352941,0.0,16/12/2/2,8/8/6/8/6/6/5,24/24,0.0
lite-on,dh-16afsh,0.6666666666666667,0.1764705882352941,0.0,16/12/2/2,8/8/6/8/6/6/5,48/24,0.0
lite-on,dh-4o1s-11,0.0,0.4117647058823528,0.3076923076923077,16/12/2/2,8/8/6/8/6/6/5,48/24,0.0
lite-on,dl-8a4sh-01,0.0,0.1764705882352941,0.0,16/12/2/2,8/8/6/8/6/6/5,24/24,0.0
lite-on,ds-8a5s,0.0,0.1764705882352941,0.0,16/12/2/2,8/8/6/8/6/6/5,24/24,0.0
lite-on,ds-8a8sh,0.0,0.1764705882352941,0.0,16/12/2/2,8/8/6/8/6/6/5,24/24,0.0
lite-on,ds-8a9sh-01,0.0,0.1764705882352941,0.0,16/12/2/2,8/8/6/8/6/6/5,24/24,0.0
lite-on,ds-8absh-01,0.0,0.1764705882352941,0.0,16/12/2/2,8/8/6/8/6/6/5,24/24,0.0
lite-on,ihas324-07,0.0,0.6470588235294117,0.9230769230769232,16/12/2/2,8/8/6/8/6/6/5,48/32,0.0
lite-on,ihas324-98,0.0,0.6470588235294117,0.9230769230769232,16/12/2/2,8/8/6/8/6/6/5,48/32,0.0
lite-on,ihbs112-04,0.3333333333333333,0.6470588235294117,0.9230769230769232,12/8/2/2,16/8/8/16/6/8/12,48/48,0.0
lite-on,ihbs112-29,0.3333333333333333,0.6470588235294117,0.9230769230769232,12/8/2/2,16/8/8/16/6/8/12,48/24,0.0
lite-on,ihbs312-98,0.3333333333333333,0.6470588235294117,0.9230769230769232,12/8/2/2,16/8/8/16/6/8/12,48/24,0.0
lite-on,ihes312-98,0.6666666666666667,0.6470588235294117,0.9230769230769232,12/8/2/2,16/8/8/16/6/8/12,48/24,0.0
lite-on,ihap322-98,0.6666666666666667,0.6470588235294117,0.9230769230769232,12/8/2/2,16/8/8/16/6/8/12,48/32,0.0
lite-on,sohw-832s,0.6666666666666667,0.4117647058823528,0.6153846153846154,12/8/2/2,16/8/8/16/6/8/12,40/24,0.0
lite-on,ihap122-04,0.6666666666666667,0.6470588235294117,0.9230769230769232,12/8/2/2,22/8/8/22/6/8/12,48/32,0.0
lite-on,ihap222-06,0.6666666666666667,0.6470588235294117,0.9230769230769232,12/8/2/2,22/8/8/22/6/8/12,48/32,0.0
lite-on,ihap422-98,0.6666666666666667,0.6470588235294117,0.9230769230769232,12/8/2/2,22/8/8/22/6/8/12,48/32,0.0
lite-on,ihas-324-98b,0.6666666666666667,0.6470588235294117,0.9230769230769232,12/8/2/2,24/8/8/24/6/8/12,48/32,0.0
lite-on,ihas124-04,0.6666666666666667,0.6470588235294117,0.9230769230769232,12/8/2/2,24/8/8/24/6/8/12,48/32,0.0
lite-on,ihas224-06,0.6666666666666667,0.6470588235294117,0.9230769230769232,12/8/2/2,24/8/12/24/6/12/12,48/32,0.0
lite-on,ihas324-99,0.6666666666666667,0.6470588235294117,0.9230769230769232,12/8/2/2,24/8/12/24/6/12/12,48/32,0.0
lite-on,ihas424-98,0.6666666666666667,0.6470588235294117,0.9230769230769232,12/8/2/2,24/8/12/24/6/12/12,48/32,0.0
lite-on,ihas524-06,0.6666666666666667,0.6470588235294117,0.9230769230769232,12/8/2/2,24/8/12/24/6/12/12,48/32,0.0
lite-on,ihas524-t98a,0.6666666666666667,0.6470588235294117,0.9230769230769232,12/8/2/2,24/8/12/24/6/12/12,48/32,0.0
lite-on,ihbs212-08,0.3333333333333333,0.6470588235294117,0.9230769230769232,12/8/2/2,16/8/8/16/6/8/12,48/24,0.0
lite-on,ihdp118-04,0.3333333333333333,0.7647058823529411,0.9230769230769232,12/8/2/2,16/8/8/16/6/8/12,48/24,0.0
lite-on,ihdp118-08,0.3333333333333333,0.7647058823529411,0.9230769230769232,12/8/2/2,16/8/8/16/6/8/12,48/24,0.0
lite-on,ihds118-04,0.3333333333333333,0.7647058823529411,0.9230769230769232,12/8/2/2,16/8/8/16/6/8/12,48/24,0.0
lite-on,ihes112-29,0.6666666666666667,0.6470588235294117,0.9230769230769232,12/8/2/2,16/8/8/16/6/8/12,48/24,0.0
lite-on,ihes208-08,0.3333333333333333,0.6470588235294117,0.9230769230769232,12/8/2/2,16/8/8/16/6/8/12,48/48,0.0
lite-on,ihes212-08,0.6666666666666667,0.6470588235294117,0.9230769230769232,12/8/2/2,16/8/8/16/6/8/12,48/24,0.0
lite-on,ihos104-06,0.0,0.1764705882352941,0.3076923076923077,12/8/2/2,16/8/8/16/6/8/12,48/24,0.0
lite-on,ihos104-08,0.0,0.1764705882352941,0.3076923076923077,12/8/2/2,16/8/8/16/6/8/12,48/24,0.0
lite-on,ihas524-t06,0.0,0.6470588235294117,0.9230769230769232,12/8/2/2,24/8/12/24/6/12/12,48/32,0.0
msi,dh-18d4p,0.6666666666666667,0.7647058823529411,0.9230769230769232,8/4/8/4,16/8/8/16/6/8/12,48/24,0.0
msi,dh-18d5s,0.6666666666666667,0.7647058823529411,0.9230769230769232,8/4/8/4,16/8/8/16/6/8/12,48/24,0.0
msi,dh-22ap,0.6666666666666667,0.6470588235294117,0.9230769230769232,8/4/8/4,16/8/8/16/6/8/12,48/32,0.0
msi,dh-24aas-17 r,0.6666666666666667,0.6470588235294117,0.9230769230769232,8/4/8/4,24/8/12/24/6/12/12,48/32,0.0
msi,dh-24as,0.6666666666666667,0.6470588235294117,0.9230769230769232,8/4/8/4,24/8/12/24/6/12/12,48/32,0.0
msi,dh-24as u88,0.6666666666666667,0.6470588235294117,0.9230769230769232,8/4/8/4,24/8/12/24/6/12/12,48/32,0.0
memorex,98240-kit,0.6666666666666667,0.6470588235294117,0.9230769230769232,8/4/8/4,24/8/12/24/6/12/12,48/32,0.0
memorex,mrx-550l,0.6666666666666667,0.6470588235294117,0.9230769230769232,8/4/8/4,24/8/12/24/6/12/12,48/32,0.0
ocuk,cd-004-ok,0.3333333333333333,0.6470588235294117,0.9230769230769232,8/4/8/4,24/8/12/24/6/12/12,48/24,0.0
ocuk,cd-005-ok,0.4999999999999999,0.6470588235294117,0.6153846153846154,8/4/8/4,16/8/8/12/8/8/12,48/40,0.0
ocuk,ocuksatadvdrw,0.4999999999999999,0.6470588235294117,0.6153846153846154,8/4/8/4,16/8/8/12/8/8/12,48/40,0.0
ocuk,ihas124-14,0.4999999999999999,0.6470588235294117,0.9230769230769232,8/4/8/4,24/8/8/24/6/8/5,48/24,0.0
panasonic,uj-265,0.1666666666666666,0.1764705882352941,0.0,8/4/8/4,24/8/8/24/6/8/5,24/16,0.0
pioneer,bdc-207dbk,0.3333333333333333,0.6470588235294117,0.6153846153846154,8/4/8/4,16/8/8/16/6/8/5,40/24,0.0
pioneer,bdr-206dbks,0.3333333333333333,0.6470588235294117,0.6153846153846154,12/12/2/2,16/8/8/16/6/8/5,40/24,0.0
pioneer,bdr-206mbk,0.1666666666666666,0.1764705882352941,0.0,6/6/2/2,16/8/8/16/6/8/5,24/24,0.0
pioneer,bdr-207,0.4999999999999999,0.6470588235294117,0.6153846153846154,12/12/2/2,16/8/8/16/6/8/5,40/24,0.0
pioneer,bdr-207dbks,0.4999999999999999,0.6470588235294117,0.6153846153846154,12/12/2/2,16/8/8/16/6/8/5,40/24,0.0
pioneer,bdr-207mbk,0.4999999999999999,0.6470588235294117,0.6153846153846154,12/12/2/2,16/8/8/16/6/8/5,40/24,0.0
pioneer,bdr-208dbk,0.6666666666666667,0.6470588235294117,0.6153846153846154,15/14/2/2,16/8/8/16/6/8/5,40/24,0.0
pioneer,bdr-209dbk,0.6666666666666667,0.6470588235294117,0.6153846153846154,16/14/2/2,16/8/8/16/6/8/5,40/24,0.0
pioneer,bdr-211ebk,0.6666666666666667,0.6470588235294117,0.6153846153846154,16/14/2/2,16/8/8/16/6/8/5,40/24,0.0
pioneer,bdr-211ubk,0.6666666666666667,0.6470588235294117,0.6153846153846154,16/14/2/2,16/8/8/16/6/8/5,40/24,0.0
pioneer,bdr-212dbk,0.6666666666666667,0.6470588235294117,0.6153846153846154,16/14/2/2,16/8/8/16/6/8/5,40/24,0.0
pioneer,bdr-212ebk,1.0,0.6470588235294117,0.6153846153846154,16/14/2/2,16/8/8/16/6/8/5,40/24,0.0
pioneer,bdr-2206,0.3333333333333333,0.4117647058823528,0.6153846153846154,12/12/2/2,16/8/8/16/6/8/5,40/24,0.0
pioneer,bdr-2207,0.4999999999999999,0.6470588235294117,0.6153846153846154,12/12/2/2,16/8/8/16/6/8/5,40/24,0.0
pioneer,bdr-2208,0.6666666666666667,0.6470588235294117,0.6153846153846154,15/14/2/2,16/8/8/16/6/8/5,40/24,0.0
pioneer,bdr-2209,0.6666666666666667,0.6470588235294117,0.6153846153846154,16/14/2/2,16/6/8/16/6/8/5,40/24,0.0
pioneer,bdr-s08xlt,0.6666666666666667,0.6470588235294117,0.6153846153846154,16/14/2/2,16/6/8/16/6/8/5,40/24,0.0
pioneer,bdr-s09xlt,0.6666666666666667,0.0,0.6153846153846154,12/8/10/6,16/12/12/16/12/12/5,40/24,0.0
pioneer,dvr-118lbk,0.6666666666666667,1.0,0.6153846153846154,12/8/10/6,22/8/12/22/6/12/12,40/32,0.0
pioneer,dvr-216d,0.6666666666666667,0.6470588235294117,0.6153846153846154,12/8/10/6,22/8/12/22/6/12/12,40/32,0.0
plextor,px-891sa-26,0.6666666666666667,0.6470588235294117,0.9230769230769232,12/8/10/6,24/8/12/24/6/12/12,48/32,0.0
plextor,px-891sa-28,0.6666666666666667,0.6470588235294117,0.9230769230769232,12/8/10/6,24/8/12/24/6/12/12,48/32,0.0
plextor,px-891saf,0.6666666666666667,0.6470588235294117,0.9230769230769232,12/8/10/6,24/8/12/24/6/12/12,48/32,0.0
plextor,px-b320sa sw,0.3333333333333333,0.6470588235294117,0.9230769230769232,12/8/10/6,16/8/8/16/6/8/12,48/32,0.0
plextor,px-b940sa-11,0.3333333333333333,0.6470588235294117,0.6153846153846154,12/12/2/2,16/8/8/16/6/8/5,40/24,0.0
plextor,px-l871a,0.3333333333333333,0.6470588235294117,0.9230769230769232,12/12/2/2,22/8/12/22/6/12/12,48/24,0.0
plextor,px-l890sa,0.3333333333333333,0.6470588235294117,0.9230769230769232,12/12/2/2,24/8/12/24/6/12/12,48/24,0.0
plextor,px-l890sa r,0.3333333333333333,0.6470588235294117,0.9230769230769232,12/12/2/2,24/8/12/24/6/12/12,48/24,0.0
plextor,px-lb950sa,0.3333333333333333,0.6470588235294117,0.9230769230769232,12/8/2/2,16/8/8/16/6/8/12,48/24,0.0
samsung,sh-118bb,0.3333333333333333,0.7647058823529411,0.9230769230769232,12/8/2/2,16/8/8/16/6/8/12,48/24,0.0
samsung,sh-118cb/bebe,0.3333333333333333,0.7647058823529411,0.9230769230769232,12/8/2/2,16/8/8/16/6/8/12,48/24,0.0
samsung,sh-216db,0.3333333333333333,0.7647058823529411,0.9230769230769232,12/8/2/2,16/8/8/16/6/8/5,48/24,0.0
samsung,sh-222ab,0.3333333333333333,0.6470588235294117,0.9230769230769232,12/8/2/2,22/8/16/22/6/12/12,48/24,0.0
samsung,sh-222al,0.3333333333333333,0.6470588235294117,0.9230769230769232,12/8/2/2,22/8/16/22/6/12/12,48/24,0.0
samsung,sh-222al/bsbe,0.3333333333333333,0.6470588235294117,0.9230769230769232,12/8/2/2,22/8/16/22/6/12/12,48/24,0.0
samsung,sh-222al/bsbs,0.3333333333333333,1.0,0.9230769230769232,12/8/2/2,22/8/16/22/6/12/12,48/24,0.0
samsung,sh-222al/rsbs,0.3333333333333333,0.6470588235294117,0.9230769230769232,12/8/2/2,22/8/16/22/6/12/12,48/24,0.0
samsung,sh-222bb/bebe,0.3333333333333333,0.6470588235294117,0.9230769230769232,12/8/2/2,22/8/8/22/6/8/12,48/24,0.0
samsung,sh-222bb/rsbs,0.3333333333333333,0.6470588235294117,0.9230769230769232,12/8/2/2,22/8/8/22/6/8/12,48/24,0.0
samsung,sh-224bb,0.3333333333333333,0.6470588235294117,0.9230769230769232,12/8/2/2,24/8/8/24/6/8/12,48/24,0.0
samsung,sh-224bb/rsbs,0.3333333333333333,0.6470588235294117,0.9230769230769232,12/8/2/2,24/8/8/24/6/8/12,48/24,0.0
samsung,sh-224db/bebe,0.3333333333333333,0.6470588235294117,0.9230769230769232,12/8/2/2,24/8/8/24/6/8/12,48/24,0.0
samsung,sh-224db/rsbs,0.3333333333333333,0.6470588235294117,0.9230769230769232,12/8/2/2,24/8/8/24/6/8/5,48/24,0.0
samsung,sh-224fb,0.3333333333333333,0.6470588235294117,0.9230769230769232,12/8/2/2,24/8/8/24/6/8/5,48/24,0.0
samsung,sh-224fb/rsbs,0.3333333333333333,0.6470588235294117,0.9230769230769232,12/8/2/2,24/8/8/24/6/8/5,48/24,0.0
samsung,sh-224fb/rsms,0.3333333333333333,0.6470588235294117,0.9230769230769232,12/8/2/2,24/8/8/24/8/8/5,48/24,0.0
samsung,sh-224gb/bsbe,0.3333333333333333,0.6470588235294117,0.9230769230769232,12/8/2/2,24/8/8/24/6/8/5,48/24,0.0
samsung,sh-b123l,0.6666666666666667,0.6470588235294117,0.9230769230769232,12/8/2/2,16/8/8/16/6/8/12,48/4,0.0
samsung,sh-b123l/rsbp,0.6666666666666667,0.6470588235294117,0.9230769230769232,12/8/2/2,16/8/8/16/16/8/12,48/24,0.0
samsung,sh-s222a,0.6666666666666667,0.6470588235294117,0.9230769230769232,12/8/2/2,22/8/16/22/6/12/12,48/32,0.0
samsung,sh-s223c,0.6666666666666667,0.6470588235294117,0.9230769230769232,12/8/2/2,22/8/16/22/6/12/12,48/32,0.0
samsung,sh-s223q,0.6666666666666667,0.6470588235294117,0.9230769230769232,12/8/2/2,22/8/16/22/6/12/12,48/32,0.0
samsung,sn-208bb,0.6666666666666667,0.1764705882352941,0.0,12/8/2/2,8/8/8/8/6/8/5,24/4,0.0
samsung,sn-208db/bebe,0.6666666666666667,0.1764705882352941,0.0,12/8/2/2,8/8/6/8/6/6/5,24/24,0.0
samsung,sn-208db/bebet,0.6666666666666667,0.1764705882352941,0.0,12/8/2/2,8/8/6/8/6/6/5,24/24,0.0
samsung,sn-208fb/bebe,0.6666666666666667,0.1764705882352941,0.0,12/8/2/2,8/8/6/8/6/6/5,24/24,0.0
samsung,ts-h353c,0.6666666666666667,0.6470588235294117,0.6153846153846154,12/8/2/2,8/8/6/8/6/6/5,24/24,0.0
samsung,ts-hb43l/hpbhf,0.6666666666666667,0.6470588235294117,0.6153846153846154,12/8/2/2,16/8/8/16/8/8/12,24/24,0.0
silverstone,sod02b,0.6666666666666667,0.1764705882352941,0.0,12/8/2/2,8/8/6/8/6/6/5,24/4,0.0
silverstone,sst-sob02,0.6666666666666667,0.1764705882352941,0.0,6/6/6/6,8/8/8/8/8/8/4,24/24,0.0
silverstone,tob04,0.1666666666666666,0.1764705882352941,0.0,6/6/6/4,8/8/8/8/8/8/8,24/24,0.0
sony,5280s-cb-plus,0.1666666666666666,0.6470588235294117,0.9230769230769232,6/6/6/4,8/8/8/8/8/8/8,48/32,0.0
sony,ad-7200s-0b,0.1666666666666666,0.6470588235294117,0.9230769230769232,6/6/6/4,20/8/8/20/6/12/12,48/32,0.0
sony,ad-7260s-01,0.1666666666666666,0.6470588235294117,0.9230769230769232,6/6/6/4,24/8/12/24/6/12/12,48/32,0.0
sony,ad-7260s-0b,0.1666666666666666,0.6470588235294117,0.9230769230769232,6/6/6/4,24/8/12/24/6/12/12,48/32,0.0
sony,ad-7261s-0b,0.1666666666666666,0.6470588235294117,0.9230769230769232,6/6/6/4,24/8/12/24/6/12/12,48/32,0.0
sony,ad-7280s-02,0.1666666666666666,0.6470588235294117,0.9230769230769232,6/6/6/4,24/8/12/24/6/12/12,48/32,0.0
sony,ad-7280s-0b,0.1666666666666666,0.6470588235294117,0.9230769230769232,6/6/6/4,24/8/12/24/6/12/12,48/32,0.0
sony,ad-7690h-01,0.1666666666666666,0.1764705882352941,0.0,6/6/6/4,8/8/6/8/6/6/5,24/24,0.0
sony,ad-7710h-01,0.1666666666666666,0.1764705882352941,0.0,6/6/6/4,8/8/6/8/6/6/5,24/24,0.0
sony,ad-7740h-01,0.1666666666666666,0.1764705882352941,0.0,6/6/6/4,8/8/6/8/6/6/5,24/24,0.0
sony,bc-5500h-01,0.0,0.1764705882352941,0.0,6/6/6/4,8/4/4/8/4/4/5,16/10,0.0
sony,bc-5640h-01,0.1666666666666666,0.1764705882352941,0.0,6/6/6/4,8/8/6/8/6/6/5,24/16,0.0
sony,bc5640h-03,0.1666666666666666,0.1764705882352941,0.0,6/6/6/4,8/8/6/8/6/6/5,24/16,0.0
sony,bd-5300s,0.3333333333333333,0.6470588235294117,0.9230769230769232,12/8/2/2,16/8/8/16/6/8/12,48/24,0.0
sony,bd-5300s-0b,0.3333333333333333,0.6470588235294117,0.9230769230769232,12/8/2/2,8/8/6/8/6/6/5,24/16,0.0
sony,bd-5740h-01,0.1666666666666666,0.1764705882352941,0.0,6/6/2/2,8/8/6/8/6/6/5,24/16,0.0
sony,bd-5750h,0.1666666666666666,0.1764705882352941,0.0,6/6/2/2,8/8/6/8/6/6/5,24/16,0.0
sony,bwu-500s,0.3333333333333333,0.6470588235294117,0.9230769230769232,12/8/2/2,8/8/6/8/6/6/5,24/16,0.0
sony,ddu1681s-0b,0.3333333333333333,0.7647058823529411,0.9230769230769232,12/8/2/2,8/8/6/8/6/6/5,24/16,0.0
supermicro,dvm-teac-824b,0.3333333333333333,0.1764705882352941,0.0,12/8/2/2,8/8/6/8/6/6/5,24/16,0.0
teac,bd-w512gsa,0.3333333333333333,0.1764705882352941,0.0,12/8/2/2,8/8/6/8/6/6/5,48/24,0.0
teac,dv516e/b/s,0.3333333333333333,0.6470588235294117,0.9230769230769232,12/8/2/2,8/8/6/8/6/6/5,48/24,0.0
teac,dv516e/s,0.3333333333333333,0.6470588235294117,0.9230769230769232,12/8/2/2,8/8/6/8/6/6/5,48/24,0.0
Archgon,CB-5021-GB,6.0,8.0,24.0,6/2/2/2,8/8/6/8/6/6/5,24/4,"['USD', '0.00']"
Archgon,CB-5021-GD,,8.0,24.0,,8/8/6/8/6/6/5,24/24,"['USD', '0.00']"
Asus,BC-06B1ST,6.0,16.0,48.0,6/4/6/4,,48/32,"['USD', '0.00']"
Asus,BC-12B1ST,,,,,16/8/8/16/6/8/12,48/24,"['USD', '0.00']"
Asus,BC-12B1ST/BLK/B/AS,12.0,16.0,48.0,,16/8/8/16/6/8/12,48/24,"['USD', '0.00']"
Asus,BC-12D2HT,,,,12/8/8/6,16/8/8/6/12/8/5,48/24,"['USD', '92.95']"
Asus,BW-12B1ST/BLK/G/AS,8.0,16.0,48.0,12/4/2/2,16/8/8/16/6/8/12,48/24,"['USD', '199.95']"
Asus,BW-14D1XT,12.0,16.0,48.0,14/12/2/2,16/8/8/16/6/8/5,48/24,"['USD', '0.00']"
Asus,BW-16D1HT,12.0,16.0,48.0,16/12/2/2,16/8/8/16/6/8/5,48/24,"['USD', '79.89']"
Asus,DRW-2014L1T,,16.0,48.0,,20/8/8/20/6/8/14,48/32,"['USD', '0.00']"
Asus,DRW-22B2Sb/BLK/B/AS,,16.0,48.0,,22/8/12/22/6/12/12,48/32,"['USD', '0.00']"
Asus,DRW-22B3S/BLK/G/AS,,16.0,48.0,,22/8/12/22/6/12/12,48/24,"['USD', '0.00']"
Asus,DRW-24B1ST/BLK/B/AS,,16.0,48.0,,24/8/12/24/6/12/12,48/32,"['USD', '19.98']"
Asus,DRW-24B3LT,,16.0,48.0,,24/8/12/24/6/12/12,48/24,"['USD', '0.00']"
Asus,DRW-24B3LT/BLK/G/AS,,16.0,48.0,,,48/24,"['USD', '0.00']"
Asus,DRW-24B3ST/BLK/G/AS,,16.0,48.0,,24/8/12/24/6/12/12,48/24,"['USD', '27.98']"
Asus,DRW-24D3ST,,16.0,48.0,,16/13/12/16/8/12/5,48/40,"['USD', '0.00']"
Asus,DRW-24D5MT,,16.0,48.0,,16/13/12/16/8/12/5,48/40,"['USD', '33.02']"
Asus,DRW-24F1MT,,,,,24/8/8/24/6/8/5,48/24,"['USD', '0.00']"
Asus,DRW-24F1ST,,16.0,48.0,,24/8/8/24/6/8/5,48/24,"['USD', '17.98']"
Asus,DVD-E818AAT/BLK/B/GE,,18.0,48.0,,,,"['USD', '33.44']"
Asus,DVD-E818AAT/BLK/B/GEN,,18.0,48.0,,,,"['USD', '37.94']"
Asus,DVDE818A7T/BLK/B/GEN,,18.0,48.0,,16/10/8/16/10/8/5,,"['USD', '0.00']"
Buslink,DBW-1647,,16.0,48.0,,,48/32,"['USD', '0.00']"
EVGA,100-OD-S101-BR,,,,,8/8/6/8/6/6/5,24/24,"['USD', '0.00']"
Gear Head,24XDVDINTLS,,,,,,,"['USD', '0.00']"
HP,1270i,,16.0,48.0,,24/8/12/24/6/12/12,48/32,"['USD', '0.00']"
HP,447326-B21,,16.0,40.0,,,,"['USD', '57.59']"
HP,447328-B21,,16.0,50.0,,,40/32,"['USD', '0.00']"
HP,481041-B21,,8.0,24.0,,,,"['USD', '0.00']"
HP,624192-B21,,,,,16/8/8/16/6/8/5,40/24,"['USD', '0.00']"
HP,652238-B21,,8.0,24.0,,,,"['USD', '0.00']"
HP,AR629AA,,16.0,48.0,,,,"['USD', '43.00']"
HP,DVD1265I,,16.0,48.0,,,48/32,"['USD', '0.00']"
HP,QS208AA,,16.0,48.0,,,48/32,"['USD', '0.00']"
HP,bd340i,8.0,16.0,48.0,12/8/2/2,16/8/8/16/6/8/12,48/24,"['USD', '0.00']"
I/O Magic,IBD1,10.0,16.0,48.0,,,48/24,"['USD', '0.00']"
I/O Magic,IDVD22DL,,16.0,48.0,,22/8/16/22/6/16/12,48/32,"['USD', '0.00']"
I/O Magic,IDVD24S,,,,,24/8/16/24/1/16/12,48/32,"['USD', '36.05']"
LG,BH10LS30,6.0,16.0,48.0,10/8/8/6,16/8/8/16/8/8/12,48/24,"['USD', '0.00']"
LG,BH12LS35,,,,12/12/2/2,16/12/12/16/12/12/12,48/24,"['USD', '0.00']"
LG,BH12LS38,12.0,16.0,48.0,12/12/2/2,16/8/8/16/6/8/12,48/24,"['USD', '0.00']"
LG,BH14NS40,12.0,16.0,48.0,14/12/2/2,16/8/8/16/6/8/5,48/24,"['USD', '291.58']"
LG,BH16NS40,12.0,16.0,48.0,,16/8/8/16/6/8/5,48/24,"['USD', '104.99']"
LG,BH16NS55.AUAR10B,,,40.0,8/8/8/6,16/12/12/16/12/12/5,48/40,"['USD', '243.00']"
LG,BT30N,6.0,8.0,24.0,,8/8/6/8/6/6/5,24/24,"['USD', '0.00']"
LG,CH10LS20 OEM,10.0,16.0,48.0,,,48/24,"['USD', '0.00']"
LG,CH10LS28,10.0,16.0,48.0,,16/8/8/16/6/8/12,48/24,"['USD', '0.00']"
LG,CH12LS28,10.0,16.0,48.0,,16/8/8/16/6/8/12,48/24,"['USD', '0.00']"
LG,CU20N,6.0,8.0,24.0,,8/8/6/8/6/6/5,24/16,"['USD', '0.00']"
LG,GGC-H20L,6.0,16.0,40.0,,,,"['USD', '0.00']"
LG,GH10N,,,,,,,"['USD', '0.00']"
LG,GH22LP21,,16.0,48.0,,22/8/16/22/6/12/12,48/32,"['USD', '0.00']"
LG,GH22NP21,,16.0,48.0,,22/8/16/22/6/12/12,48/32,"['USD', '0.00']"
LG,GH22NS50 Bulk,,16.0,48.0,,,48/32,"['USD', '0.00']"
LG,GH22NS70 OEM,,16.0,48.0,,22/8/8/22/6/8/12,48/32,"['USD', '0.00']"
LG,GH22NS90B,,16.0,48.0,,22/8/8/22/6/8/12,48/32,"['USD', '0.00']"
LG,GH24LS70,,16.0,48.0,,24/8/8/24/6/8/12,48/32,"['USD', '0.00']"
LG,GH24NS70 OEM,,16.0,48.0,,24/8/8/24/6/8/12,48/32,"['USD', '0.00']"
LG,GH24NS72,,16.0,48.0,,,48/32,"['USD', '34.97']"
LG,GH24NS90,,16.0,48.0,,24/8/8/24/6/8/12,48/32,"['USD', '34.58']"
LG,GH24NS95,,16.0,48.0,,24/8/8/24/6/8/5,48/24,"['USD', '49.98']"
LG,GH24NSB0,,16.0,48.0,,24/8/8/24/6/8/5,48/24,"['USD', '39.99']"
LG,GH24NSB0B,,16.0,48.0,,24/8/8/24/6/8/5,48/24,"['USD', '34.97']"
LG,GH24NSC0,,16.0,48.0,,24/8/8/24/6/8/5,48/24,"['USD', '18.98']"
LG,GH24NSC0B,,16.0,48.0,,24/8/8/24/6/8/5,48/24,"['USD', '18.98']"
LG,GH24NSD1,,16.0,48.0,,24/8/16/24/6/12/12,48/32,"['USD', '0.00']"
LG,GH24NSD5,,16.0,48.0,,24/8/12/8/6/12/12,48/24,"['USD', '0.00']"
LG,GS40N,,8.0,24.0,,8/8/6/8/6/6/5,24/16,"['USD', '0.00']"
LG,GT80N,,8.0,24.0,,8/8/6/8/6/6/5,24/24,"['USD', '0.00']"
LG,GTB0N,,8.0,24.0,,8/6/6/8/6/6/5,24/24,"['USD', '39.81']"
LG,GUB0N,,8.0,24.0,,8/6/6/8/6/6/5,24/24,"['USD', '45.00']"
LG,UH12LS28 OEM,12.0,16.0,48.0,,16/8/8/16/6/8/12,48/24,"['USD', '0.00']"
LG,UH12LS29,10.0,16.0,48.0,,16/8/8/16/6/8/12,48/24,"['USD', '0.00']"
LG,UH12NS29,10.0,16.0,48.0,,16/8/8/16/6/8/12,48/24,"['USD', '0.00']"
LG,UH12NS30,12.0,16.0,,,16/8/8/16/6/8/5,48/24,"['USD', '0.00']"
LG,UH12NS40,12.0,16.0,48.0,,16/8/8/16/6/8/5,48/24,"['USD', '0.00']"
LG,WH12LS30,10.0,16.0,48.0,12/12/2/2,16/8/8/16/6/8/12,48/24,"['USD', '0.00']"
LG,WH12LS38,10.0,16.0,48.0,12/12/2/2,16/8/8/16/6/8/12,48/24,"['USD', '0.00']"
LG,WH12LS39,10.0,16.0,48.0,12/12/2/2,16/8/8/16/6/8/12,48/24,"['USD', '0.00']"
LG,WH14NS40,12.0,16.0,48.0,14/12/2/2,16/8/8/16/6/8/5,48/24,"['USD', '53.48']"
LG,WH16NS40,12.0,16.0,48.0,16/12/2/2,16/8/8/16/6/8/5,48/24,"['USD', '66.98']"
LG,WH16NS60,,,,,,48/24,"['USD', '100.98']"
Lenovo,0A65618,,,,,16/12/12/16/12/12/12,48/40,"['USD', '53.50']"
Lenovo,41N5618,,16.0,40.0,,,,"['USD', '0.00']"
Lite-On,DC-8A2SH,,8.0,24.0,,8/8/6/8/6/6/5,24/24,"['USD', '0.00']"
Lite-On,DH-16AFSH,,,,,,48/24,"['USD', '0.00']"
Lite-On,DH-4O1S-11,4.0,12.0,32.0,,,,"['USD', '0.00']"
Lite-On,DL-8A4SH-01,,8.0,24.0,,8/8/6/8/6/6/5,24/24,"['USD', '0.00']"
Lite-On,DS-8A5S,,8.0,24.0,,8/8/6/8/6/6/5,24/24,"['USD', '0.00']"
Lite-On,DS-8A8SH,,8.0,24.0,,8/8/6/8/6/6/5,24/24,"['USD', '0.00']"
Lite-On,DS-8A9SH-01,,8.0,24.0,,8/8/6/8/6/6/5,24/24,"['USD', '0.00']"
Lite-On,DS-8ABSH-01,,8.0,24.0,,8/8/6/8/6/6/5,24/24,"['USD', '0.00']"
Lite-On,IHAS324-07,,16.0,48.0,,,48/32,"['USD', '29.40']"
Lite-On,IHAS324-98,,16.0,48.0,,,48/32,"['USD', '69.00']"
Lite-On,IHBS112-04,8.0,16.0,48.0,12/8/2/2,16/8/8/16/6/8/12,48/48,"['USD', '0.00']"
Lite-On,IHBS112-29,8.0,16.0,48.0,12/8/2/2,16/8/8/16/6/8/12,48/24,"['USD', '0.00']"
Lite-On,IHBS312-98,8.0,16.0,48.0,12/8/2/2,16/8/8/16/6/8/12,48/24,"['USD', '0.00']"
Lite-On,IHES312-98,12.0,16.0,48.0,,16/8/8/16/6/8/12,48/24,"['USD', '0.00']"
Lite-On,Ihap322-98,,16.0,48.0,,,48/32,"['USD', '0.00']"
Lite-On,SOHW-832S,,12.0,40.0,,,40/24,"['USD', '0.00']"
Lite-On,iHAP122-04,,16.0,48.0,,22/8/8/22/6/8/12,48/32,"['USD', '0.00']"
Lite-On,iHAP222-06,,16.0,48.0,,22/8/8/22/6/8/12,48/32,"['USD', '0.00']"
Lite-On,iHAP422-98,,16.0,48.0,,22/8/8/22/6/8/12,48/32,"['USD', '0.00']"
Lite-On,iHAS-324-98B,,16.0,48.0,,24/8/8/24/6/8/12,48/32,"['USD', '0.00']"
Lite-On,iHAS124-04,,16.0,48.0,,,48/32,"['USD', '0.00']"
Lite-On,iHAS224-06,,16.0,48.0,,24/8/12/24/6/12/12,48/32,"['USD', '0.00']"
Lite-On,iHAS324-99,,16.0,48.0,,24/8/12/24/6/12/12,48/32,"['USD', '0.00']"
Lite-On,iHAS424-98,,16.0,48.0,,24/8/12/24/6/12/12,48/32,"['USD', '0.00']"
Lite-On,iHAS524-06,,16.0,48.0,,24/8/12/24/6/12/12,48/32,"['USD', '0.00']"
Lite-On,iHAS524-T98A,,16.0,48.0,,24/8/12/24/6/12/12,48/32,"['USD', '0.00']"
Lite-On,iHBS212-08,8.0,16.0,48.0,12/8/2/2,16/8/8/16/6/8/12,48/24,"['USD', '0.00']"
Lite-On,iHDP118-04,,18.0,48.0,,,,"['USD', '0.00']"
Lite-On,iHDP118-08,,18.0,48.0,,,,"['USD', '0.00']"
Lite-On,iHDS118-04,,18.0,48.0,,,,"['USD', '0.00']"
Lite-On,iHES112-29,12.0,16.0,48.0,,16/8/8/16/6/8/12,48/24,"['USD', '155.00']"
Lite-On,iHES208-08,8.0,16.0,48.0,,16/8/8/16/6/8/12,48/48,"['USD', '0.00']"
Lite-On,iHES212-08,12.0,16.0,48.0,,16/8/8/16/6/8/12,48/24,"['USD', '0.00']"
Lite-On,iHOS104-06,4.0,8.0,32.0,,,,"['USD', '0.00']"
Lite-On,iHOS104-08,4.0,8.0,32.0,,,,"['USD', '0.00']"
Lite-On,ihas524-T06,,16.0,48.0,,24/8/12/24/6/12/12,48/32,"['USD', '0.00']"
Lite-On,ihes108-29,8.0,16.0,48.0,8/4/8/4,16/8/16/16/6/16/12,48/32,"['USD', '0.00']"
Lite-On,ihes112-04,12.0,16.0,48.0,,16/8/8/16/6/8/12,48/24,"['USD', '0.00']"
MSI,DH-18D4P,,18.0,48.0,,,,"['USD', '0.00']"
MSI,DH-18D5S,,18.0,48.0,,,,"['USD', '0.00']"
MSI,DH-22AP,,16.0,48.0,,,48/32,"['USD', '0.00']"
MSI,DH-24AAS-17 R,,16.0,48.0,,24/8/12/24/6/12/12,48/32,"['USD', '0.00']"
MSI,DH-24AS,,16.0,48.0,,24/8/12/24/6/12/12,48/32,"['USD', '0.00']"
MSI,DH-24AS U88,,16.0,48.0,,,48/32,"['USD', '0.00']"
Memorex,98240,,16.0,48.0,,,48/32,"['USD', '49.95']"
Memorex,98240-KIT,,16.0,48.0,,,48/32,"['USD', '0.00']"
Memorex,MRX-550L,,16.0,48.0,,,48/32,"['USD', '0.00']"
OcUK,CD-004-OK,8.0,,,,,48/24,"['USD', '0.00']"
OcUK,CD-005-OK,10.0,16.0,40.0,,16/8/8/12/8/8/12,48/40,"['USD', '0.00']"
OcUK,OcUKSATADVDRW,,16.0,40.0,,,48/40,"['USD', '0.00']"
OcUK,iHAS124-14,,16.0,48.0,,24/8/8/24/6/8/5,48/24,"['USD', '0.00']"
Panasonic,UJ-265,6.0,8.0,24.0,,,24/16,"['USD', '114.99']"
Pioneer,BDC-207DBK,8.0,16.0,40.0,,16/8/8/16/6/8/5,40/24,"['USD', '0.00']"
Pioneer,BDR-206DBKS,8.0,16.0,40.0,12/12/2/2,,40/24,"['USD', '0.00']"
Pioneer,BDR-206MBK,6.0,8.0,24.0,6/6/2/2,,24/24,"['USD', '0.00']"
Pioneer,BDR-207,10.0,16.0,40.0,12/12/2/2,,40/24,"['USD', '0.00']"
Pioneer,BDR-207DBKS,10.0,16.0,40.0,12/12/2/2,,40/24,"['USD', '0.00']"
Pioneer,BDR-207MBK,10.0,16.0,40.0,12/12/2/2,16/8/8/16/6/8/5,40/24,"['USD', '0.00']"
Pioneer,BDR-208DBK,12.0,16.0,40.0,15/14/2/2,,40/24,"['USD', '0.00']"
Pioneer,BDR-209DBK,12.0,16.0,40.0,16/14/2/2,,40/24,"['USD', '70.69']"
Pioneer,BDR-211EBK,,,,,,,"['USD', '0.00']"
Pioneer,BDR-211UBK,12.0,16.0,40.0,16/14/2/2,16/8/8/16/6/8/5,40/24,"['USD', '159.99']"
Pioneer,BDR-212DBK,,,,16/14/2/2,16/8/8/16/6/8/5,40/24,"['USD', '69.99']"
Pioneer,BDR-212EBK,16.0,,,,,,"['USD', '90.57']"
Pioneer,BDR-2206,8.0,12.0,40.0,12/12/2/2,,40/24,"['USD', '0.00']"
Pioneer,BDR-2207,10.0,16.0,40.0,12/12/2/2,16/8/8/16/6/8/5,40/24,"['USD', '0.00']"
Pioneer,BDR-2208,12.0,16.0,40.0,15/14/2/2,16/8/8/16/6/8/5,40/24,"['USD', '0.00']"
Pioneer,BDR-2209,12.0,16.0,40.0,16/14/2/2,16/6/8/16/6/8/5,40/24,"['USD', '129.99']"
Pioneer,BDR-S08XLT,,,,,,,"['USD', '0.00']"
Pioneer,BDR-S09XLT,,5.0,40.0,12/8/10/6,16/12/12/16/12/12/5,40/24,"['USD', '0.00']"
Pioneer,DVR-118LBK,,22.0,40.0,,22/8/12/22/6/12/12,40/32,"['USD', '0.00']"
Pioneer,DVR-216D,,16.0,40.0,,,40/32,"['USD', '0.00']"
Plextor,PX-891SA-26,,16.0,48.0,,24/8/12/24/6/12/12,48/32,"['USD', '0.00']"
Plextor,PX-891SA-28,,16.0,48.0,,24/8/12/24/6/12/12,48/32,"['USD', '0.00']"
Plextor,PX-891SAF,,16.0,48.0,,24/8/12/24/6/12/12,48/32,"['USD', '31.99']"
Plextor,PX-B320SA SW,8.0,16.0,48.0,,16/8/8/16/6/8/12,48/32,"['USD', '0.00']"
Plextor,PX-B940SA-11,8.0,16.0,40.0,12/12/2/2,16/8/8/16/6/8/5,40/24,"['USD', '0.00']"
Plextor,PX-L871A,,16.0,48.0,,22/8/12/22/6/12/12,48/24,"['USD', '0.00']"
Plextor,PX-L890SA,,16.0,48.0,,24/8/12/24/6/12/12,48/24,"['USD', '0.00']"
Plextor,PX-L890SA R,,16.0,48.0,,24/8/12/24/6/12/12,48/24,"['USD', '0.00']"
Plextor,PX-LB950SA,8.0,16.0,48.0,12/8/2/2,16/8/8/16/6/8/12,48/24,"['USD', '0.00']"
Samsung,SH-118BB,,18.0,48.0,,,,"['USD', '0.00']"
Samsung,SH-118CB/BEBE,,18.0,48.0,,,,"['USD', '0.00']"
Samsung,SH-216DB,,,,,16/8/8/16/6/8/5,48/24,"['USD', '0.00']"
Samsung,SH-222AB,,16.0,48.0,,22/8/16/22/6/12/12,48/24,"['USD', '157.98']"
Samsung,SH-222AL,,16.0,48.0,,22/8/16/22/6/12/12,48/24,"['USD', '0.00']"
Samsung,SH-222AL/BSBE,,16.0,48.0,,22/8/16/22/6/12/12,48/24,"['USD', '0.00']"
Samsung,SH-222AL/BSBS,,22.0,48.0,,22/8/16/22/6/12/12,48/24,"['USD', '0.00']"
Samsung,SH-222AL/RSBS,,16.0,48.0,,22/8/16/22/6/12/12,48/24,"['USD', '0.00']"
Samsung,SH-222BB/BEBE,,16.0,48.0,,22/8/8/22/6/8/12,48/24,"['USD', '0.00']"
Samsung,SH-222BB/RSBS,,16.0,48.0,,22/8/8/22/6/8/12,48/24,"['USD', '0.00']"
Samsung,SH-224BB,,16.0,48.0,,24/8/8/24/6/8/12,48/24,"['USD', '0.00']"
Samsung,SH-224BB/RSBS,,16.0,48.0,,24/8/8/24/6/8/12,48/24,"['USD', '0.00']"
Samsung,SH-224DB/BEBE,,16.0,48.0,,24/8/8/24/6/8/12,48/24,"['USD', '29.99']"
Samsung,SH-224DB/RSBS,,16.0,48.0,,24/8/8/24/6/8/5,48/24,"['USD', '0.00']"
Samsung,SH-224FB,,16.0,48.0,,24/8/8/24/6/8/5,48/24,"['USD', '0.00']"
Samsung,SH-224FB/RSBS,,16.0,48.0,,24/8/8/24/6/8/5,48/24,"['USD', '0.00']"
Samsung,SH-224FB/RSMS,,,,,24/8/8/24/8/8/5,48/24,"['USD', '0.00']"
Samsung,SH-224GB/BSBE,,16.0,48.0,,24/8/8/24/6/8/5,48/24,"['USD', '29.99']"
Samsung,SH-B123L,12.0,16.0,48.0,,16/8/8/16/6/8/12,48/4,"['USD', '0.00']"
Samsung,SH-B123L/RSBP,12.0,16.0,48.0,,16/8/8/16/16/8/12,48/24,"['USD', '0.00']"
Samsung,SH-S222A,,16.0,48.0,,22/8/16/22/6/12/12,48/32,"['USD', '0.00']"
Samsung,SH-S223C,,16.0,48.0,,22/8/16/22/6/12/12,48/32,"['USD', '0.00']"
Samsung,SH-S223Q,,16.0,48.0,,22/8/16/22/6/12/12,48/32,"['USD', '0.00']"
Samsung,SN-208BB,,8.0,24.0,,8/8/8/8/6/8/5,24/4,"['USD', '0.00']"
Samsung,SN-208DB/BEBE,,8.0,24.0,,8/8/6/8/6/6/5,24/24,"['USD', '100.78']"
Samsung,SN-208DB/BEBET,,8.0,24.0,,8/8/6/8/6/6/5,24/24,"['USD', '0.00']"
Samsung,SN-208FB/BEBE,,8.0,24.0,,8/8/6/8/6/6/5,,"['USD', '47.99']"
Samsung,TS-H353C,,16.0,40.0,,,,"['USD', '0.00']"
Samsung,TS-HB43L/HPBHF,,16.0,40.0,,16/8/8/16/8/8/12,,"['USD', '0.00']"
Silverstone,SOD02B,,8.0,24.0,,8/8/6/8/6/6/5,24/4,"['USD', '0.00']"
Silverstone,SST-SOB02,,,24.0,6/6/6/6,8/8/8/8/8/8/4,24/24,"['USD', '0.00']"
Silverstone,TOB04,6.0,8.0,24.0,6/6/6/4,8/8/8/8/8/8/8,24/24,"['USD', '228.78']"
Sony,5280S-CB-PLUS,,16.0,48.0,,,48/32,"['USD', '0.00']"
Sony,AD-7200S-0B,,,,,20/8/8/20/6/12/12,48/32,"['USD', '65.51']"
Sony,AD-7260S-01,,16.0,48.0,,24/8/12/24/6/12/12,48/32,"['USD', '0.00']"
Sony,AD-7260S-0B,,16.0,48.0,,24/8/12/24/6/12/12,48/32,"['USD', '0.00']"
Sony,AD-7261S-0B,,16.0,48.0,,24/8/12/24/6/12/12,48/32,"['USD', '0.00']"
Sony,AD-7280S-02,,16.0,48.0,,24/8/12/24/6/12/12,48/32,"['USD', '0.00']"
Sony,AD-7280S-0B,,16.0,48.0,,24/8/12/24/6/12/12,48/32,"['USD', '104.17']"
Sony,AD-7690H-01,,8.0,24.0,,8/8/6/8/6/6/5,24/24,"['USD', '0.00']"
Sony,AD-7710H-01,,8.0,24.0,,8/8/6/8/6/6/5,24/24,"['USD', '0.00']"
Sony,AD-7740H-01,,8.0,,,,,"['USD', '0.00']"
Sony,BC-5500H-01,4.0,8.0,24.0,,8/4/4/8/4/4/5,16/10,"['USD', '0.00']"
Sony,BC-5640H-01,6.0,8.0,24.0,,8/8/6/8/6/6/5,24/16,"['USD', '0.00']"
Sony,BC5640H-03,6.0,8.0,24.0,,8/8/6/8/6/6/5,24/16,"['USD', '0.00']"
Sony,BD-5300S,8.0,16.0,48.0,12/8/2/2,16/8/8/16/6/8/12,48/24,"['USD', '0.00']"
Sony,BD-5300S-0B,8.0,16.0,48.0,12/8/2/2,8/8/6/8/6/6/5,24/16,"['USD', '0.00']"
Sony,BD-5740H-01,6.0,8.0,24.0,6/6/2/2,8/8/6/8/6/6/5,24/16,"['USD', '0.00']"
Sony,BD-5750H,6.0,8.0,24.0,6/6/2/2,8/8/6/8/6/6/5,24/16,"['USD', '0.00']"
Sony,BWU-500S,8.0,16.0,48.0,12/8/2/2,8/8/6/8/6/6/5,24/16,"['USD', '0.00']"
Sony,DDU1681S-0B,,18.0,48.0,,,,"['USD', '59.00']"
Supermicro,DVM-TEAC-824B,,8.0,24.0,,,,"['USD', '99.99']"
Teac,BD-W512GSA,,,,12/8/2/2,,48/24,"['USD', '0.00']"
Teac,DV516E/B/S,,16.0,48.0,,,,"['USD', '0.00']"
Teac,DV516E/S,,16.0,48.0,,,,"['USD', '0.00']"
