brand,model,watt_capacity,va_capacity,price
apc,apc3ia,0.1397647647647647,0.1446540880503145,0.0
apc,be325,0.010573073073073,0.010062893081761,0.0
apc,be325-gr,0.010573073073073,0.010062893081761,0.0
apc,be325-lm,0.010573073073073,0.010062893081761,0.0
apc,be325r,0.010573073073073,0.010062893081761,0.0
apc,be350,0.0130755755755755,0.0113207547169811,0.0
apc,be350c,0.0115115115115115,0.0113207547169811,0.0
apc,be350g,0.0115115115115115,0.0113207547169811,0.0
apc,be350g-cn,0.0115115115115115,0.0113207547169811,0.0
apc,be350g-lm,0.0115115115115115,0.0113207547169811,0.0
apc,be350r,0.0115115115115115,0.0113207547169811,0.0
apc,be350r-cn,0.0115115115115115,0.0113207547169811,0.0
apc,be350u-cn,0.0115115115115115,0.0113207547169811,0.0
apc,be400-cp,0.014014014014014,0.0138364779874213,0.0
apc,be400-fr,0.014014014014014,0.0138364779874213,0.0
apc,be400-gr,0.014014014014014,0.0138364779874213,0.0
apc,be450g,0.0150775775775775,0.0163522012578616,0.0
apc,be450g-cn,0.0150775775775775,0.0163522012578616,0.0
apc,be450g-lm,0.0150775775775775,0.0163522012578616,0.0
apc,be500r,0.0177677677677677,0.0188679245283018,0.0
apc,be500r-cn,0.0177677677677677,0.0188679245283018,0.0
apc,be500u-cn,0.0177677677677677,0.0188679245283018,0.0
apc,be525-rs,0.0177677677677677,0.020125786163522,0.0
apc,be550-cp,0.0196446446446446,0.0213836477987421,0.0
apc,be550-gr,0.0196446446446446,0.0213836477987421,0.0
apc,be550-uk,0.0196446446446446,0.0289308176100628,0.0
apc,be550g,0.0196446446446446,0.0213836477987421,0.0
apc,be550g-cn,0.0196446446446446,0.0213836477987421,0.0
apc,be550g-gr,0.0196446446446446,0.0213836477987421,0.0
apc,be550g/lm,0.0196446446446446,0.0213836477987421,0.0
apc,be550r,0.0196446446446446,0.0213836477987421,0.0
apc,be550r-cn,0.0196446446446446,0.0213836477987421,0.0
apc,be600-lm,0.0215215215215215,0.0238993710691823,0.0
apc,be650bb,0.0233983983983984,0.0264150943396226,0.0
apc,be650g,0.0233983983983984,0.0264150943396226,0.0
apc,be650g-cn,0.0233983983983984,0.0264150943396226,0.0
apc,be650g-lm,0.0233983983983984,0.0264150943396226,0.0
apc,be650g1,0.0233983983983984,0.0264150943396226,0.0
apc,be650g1-cn,0.0233983983983984,0.0264150943396226,0.0
apc,be650g1-lm,0.0233983983983984,0.0264150943396226,0.0
apc,be650mc,0.0233983983983984,0.0264150943396226,0.0
apc,be650r,0.0233983983983984,0.0264150943396226,0.0
apc,be650r-cn,0.0233983983983984,0.0264150943396226,0.0
apc,be700-az,0.0243368368368368,0.0289308176100628,0.0
apc,be700-cp,0.0243368368368368,0.0289308176100628,0.0
apc,be700-gr,0.0243368368368368,0.0289308176100628,0.0
apc,be700-uk,0.0243368368368368,0.0289308176100628,0.0
apc,be700g-gr,0.0243368368368368,0.0289308176100628,0.0
apc,be700g-uk,0.0243368368368368,0.0289308176100628,0.0
apc,be750bb,0.0271521521521521,0.0314465408805031,0.0
apc,be750bb-cn,0.0271521521521521,0.0314465408805031,0.0
apc,be750bbx450,0.0271521521521521,0.0314465408805031,0.0
apc,be750g,0.0271521521521521,0.0314465408805031,0.0
apc,be750g-cn,0.0271521521521521,0.0314465408805031,0.0
apc,be750g-lm,0.0271521521521521,0.0314465408805031,0.0
apc,bf350-fr,0.0130755755755755,0.0113207547169811,0.0
apc,bf350-gr,0.0130755755755755,0.0113207547169811,0.0
apc,bf350u,0.0130755755755755,0.0113207547169811,0.0
apc,bf500,0.0193318318318318,0.0188679245283018,0.0
apc,bf500-az,0.0193318318318318,0.0188679245283018,0.0
apc,bf500-gr,0.0193318318318318,0.0188679245283018,0.0
apc,bf500-uk,0.0193318318318318,0.0188679245283018,0.0
apc,bf500u,0.0193318318318318,0.0188679245283018,0.0
apc,bg500,0.0177677677677677,0.0188679245283018,0.0
apc,bge90m,0.0036911911911911,0.0,0.0
apc,bh500inet,0.0177677677677677,0.0188679245283018,0.0
apc,bh500net,0.0177677677677677,0.0188679245283018,0.0
apc,bk200,0.0071321321321321,0.0037735849056603,0.0
apc,bk300c,0.0102602602602602,0.0088050314465408,0.0
apc,bk300mi,0.0102602602602602,0.0088050314465408,0.0
apc,bk325i,0.0121371371371371,0.010062893081761,0.0
apc,bk350,0.0121371371371371,0.0113207547169811,0.0
apc,bk350ei,0.0121371371371371,0.0113207547169811,0.0
apc,bk400,0.0146396396396396,0.0138364779874213,0.0
apc,bk450,0.0177677677677677,0.0163522012578616,0.0
apc,bk500,0.0177677677677677,0.0188679245283018,0.0
apc,bk500blk,0.0177677677677677,0.0188679245283018,0.0
apc,bk500ei,0.0177677677677677,0.0188679245283018,0.0
apc,bk500jp,0.0177677677677677,0.0188679245283018,0.0
apc,bk500js,0.0177677677677677,0.0188679245283018,0.0
apc,bk500mi,0.0177677677677677,0.0188679245283018,0.0
apc,bk600,0.024024024024024,0.0238993710691823,0.0
apc,bk650ei,0.024024024024024,0.0264150943396226,0.0
apc,bn1080g,0.0396646646646646,0.0480503144654088,0.0
apc,bn1100m2,0.0365365365365365,0.0490566037735849,0.0
apc,bn4001,0.0150775775775775,0.0163522012578616,0.0
apc,bn600g,0.0215215215215215,0.0238993710691823,0.0
apc,bn650m1,0.0215215215215215,0.0264150943396226,0.0
apc,bn700mc,0.0252752752752752,0.0289308176100628,0.0
apc,br1000g,0.0365365365365365,0.0440251572327044,0.0
apc,br1000ms,0.0365365365365365,0.0440251572327044,0.0
apc,br1200gi,0.044044044044044,0.0540880503144654,0.0
apc,br1300g,0.0477977977977977,0.0591194968553459,0.0
apc,br1500g,0.0531156156156156,0.0691823899371069,0.0
apc,br1500gi,0.0531156156156156,0.0691823899371069,0.0
apc,br1500i,0.0531156156156156,0.0691823899371069,0.0
apc,br1500ms,0.0553053053053053,0.0691823899371069,0.0
apc,br500ci-as,0.0177677677677677,0.0188679245283018,0.0
apc,br550gi,0.0196446446446446,0.0213836477987421,0.0
apc,br700g,0.0271521521521521,0.0289308176100628,0.0
apc,br900gi,0.0327827827827827,0.0389937106918239,0.0
apc,bx1000g,0.0365365365365365,0.0440251572327044,0.0
apc,bx1300g,0.0477977977977977,0.0591194968553459,0.0
apc,bx1500g,0.0531156156156156,0.0691823899371069,0.0
apc,bx1500m,0.0553053053053053,0.0691823899371069,0.0
apc,bx600ci-in,0.0215215215215215,0.0238993710691823,0.0
apc,dlrt8000rmxli6u,0.3993993993993994,0.3962264150943396,0.0
apc,dlt1500i,0.0615615615615615,0.0691823899371069,0.0
apc,dlt1500rmi2u,0.0615615615615615,0.0691823899371069,0.0
apc,j10blk,0.0365365365365365,0.0440251572327044,0.0
apc,j15blk,0.0531156156156156,0.0691823899371069,0.0
apc,sc1000,0.0365365365365365,0.0440251572327044,0.0
apc,sc1000i,0.0365365365365365,0.0440251572327044,0.0
apc,sc1500i,0.0531156156156156,0.0691823899371069,0.0
apc,sc420,0.0152652652652652,0.0148427672955974,0.0
apc,sc420i,0.0152652652652652,0.0148427672955974,0.0
apc,sc450r1x542,0.0165165165165165,0.0163522012578616,0.0
apc,sc450rm1u,0.0165165165165165,0.0163522012578616,0.0
apc,sc450rmi1u,0.0165165165165165,0.0163522012578616,0.0
apc,sc620,0.0233983983983984,0.0249056603773584,0.0
apc,sc620i,0.0233983983983984,0.0249056603773584,0.0
apc,sc620x565,0.0246496496496496,0.0249056603773584,0.0
apc,smc1000,0.0365365365365365,0.0440251572327044,0.0
apc,smc1000-2u,0.0365365365365365,0.0440251572327044,0.0
apc,smc1000i,0.0365365365365365,0.0440251572327044,0.0
apc,smc1000i-2u,0.0365365365365365,0.0440251572327044,0.0
apc,smc1500,0.0553053053053053,0.0691823899371069,0.0
apc,smc1500-2u,0.0553053053053053,0.0691823899371069,0.0
apc,smc1500i,0.0553053053053053,0.0691823899371069,0.0
apc,smc1500i-2u,0.0553053053053053,0.0691823899371069,0.0
apc,smt1000,0.0409159159159159,0.0440251572327044,0.0
apc,smt1000i,0.0409159159159159,0.0440251572327044,0.0
apc,smt1000j,0.0409159159159159,0.0440251572327044,0.0
apc,smt1000rm2u,0.0427927927927927,0.0440251572327044,0.0
apc,smt1000rmi2u,0.0427927927927927,0.0440251572327044,0.0
apc,smt1000us,0.0427927927927927,0.0440251572327044,0.0
apc,smt1500,0.0603103103103103,0.0691823899371069,0.0
apc,smt1500i,0.0603103103103103,0.0691823899371069,0.0
apc,smt1500j,0.0603103103103103,0.0691823899371069,0.0
apc,smt1500r2x122,0.0615615615615615,0.0691823899371069,0.0
apc,smt1500r2x180,0.0615615615615615,0.0691823899371069,0.0
apc,smt1500rm1u,0.0615615615615615,0.0661635220125786,0.0
apc,smt1500rm2u,0.0615615615615615,0.0661635220125786,0.0
apc,smt1500rmi1u,0.0615615615615615,0.0691823899371069,0.0
apc,smt1500rmi2u,0.0615615615615615,0.0691823899371069,0.0
apc,smt1500rmus,0.0615615615615615,0.0691823899371069,0.0
apc,smt1500us,0.0615615615615615,0.0661635220125786,0.0
apc,smt1500x413,0.0603103103103103,0.0691823899371069,0.0
apc,smt1500x448,0.0615615615615615,0.0691823899371069,0.0
apc,smt2200,0.1228728728728728,0.1044025157232704,0.0
apc,smt2200i,0.1228728728728728,0.1044025157232704,0.0
apc,smt2200r2x106,0.1228728728728728,0.1044025157232704,0.0
apc,smt2200r2x180,0.1228728728728728,0.1044025157232704,0.0
apc,smt2200rm2u,0.1228728728728728,0.1044025157232704,0.0
apc,smt2200rmi2u,0.1228728728728728,0.1044025157232704,0.0
apc,smt2200rmus,0.1228728728728728,0.1044025157232704,0.0
apc,smt2200us,0.1228728728728728,0.1044025157232704,0.0
apc,smt3000,0.1679179179179179,0.1446540880503145,0.0
apc,smt3000i,0.1679179179179179,0.1446540880503145,0.0
apc,smt3000r2x145,0.1679179179179179,0.1446540880503145,0.0
apc,smt3000r2x180,0.1679179179179179,0.1446540880503145,0.0
apc,smt3000rm2u,0.1679179179179179,0.1446540880503145,0.0
apc,smt3000rmi2u,0.1679179179179179,0.1446540880503145,0.0
apc,smt3000rmt2u,0.1679179179179179,0.1446540880503145,0.0
apc,smt3000rmus,0.1679179179179179,0.1386163522012578,0.0
apc,smt750,0.0302802802802802,0.0314465408805031,0.0
apc,smt750i,0.0302802802802802,0.0314465408805031,0.0
apc,smt750r2-nmc,0.0302802802802802,0.0314465408805031,0.0
apc,smt750rm2u,0.0302802802802802,0.0314465408805031,0.0
apc,smt750rmi2u,0.0302802802802802,0.0314465408805031,0.0
apc,smt750us,0.0302802802802802,0.0314465408805031,0.0
apc,smx1000,0.049049049049049,0.0440251572327044,0.0
apc,smx1000i,0.049049049049049,0.0440251572327044,0.0
apc,smx1500rm2u,0.074074074074074,0.0691823899371069,0.0
apc,smx1500rm2unc,0.074074074074074,0.0691823899371069,0.0
apc,smx1500rmi2u,0.074074074074074,0.0691823899371069,0.0
apc,smx1500rmi2unc,0.074074074074074,0.0691823899371069,0.0
apc,smx2000lv,0.1116116116116116,0.090314465408805,0.0
apc,smx2000lvnc,0.1116116116116116,0.090314465408805,0.0
apc,smx2000rmlv2u,0.1116116116116116,0.090314465408805,0.0
apc,smx2000rmlv2unc,0.1116116116116116,0.090314465408805,0.0
apc,smx2200hv,0.1228728728728728,0.1044025157232704,0.0
apc,smx2200rmhv2u,0.1228728728728728,0.1044025157232704,0.0
apc,smx2200rmlv2u,0.1228728728728728,0.1044025157232704,0.0
apc,smx3000hv,0.1679179179179179,0.1446540880503145,0.0
apc,smx3000hvnc,0.1679179179179179,0.1446540880503145,0.0
apc,smx3000hvt,0.1679179179179179,0.1446540880503145,0.0
apc,smx3000lv,0.1679179179179179,0.1446540880503145,0.0
apc,smx3000lvnc,0.1679179179179179,0.1446540880503145,0.0
apc,smx3000rmhv2u,0.1679179179179179,0.1446540880503145,0.0
apc,smx3000rmhv2unc,0.1679179179179179,0.1446540880503145,0.0
apc,smx3000rmlv2u,0.1679179179179179,0.1446540880503145,0.0
apc,smx3000rmlv2unc,0.1679179179179179,0.1446540880503145,0.0
apc,smx750,0.0365365365365365,0.0314465408805031,0.0
apc,smx750i,0.0365365365365365,0.0314465408805031,0.0
apc,srt10krmxli,0.6246246246246246,0.4968553459119497,0.0
apc,srt10krmxlt,0.6246246246246246,0.4968553459119497,0.0
apc,srt10kxli,0.6246246246246246,0.4968553459119497,0.0
apc,srt10kxlt,0.6246246246246246,0.4968553459119497,0.0
apc,srt5krmxli,0.2805305305305305,0.2452830188679245,0.0
apc,srt5krmxlt,0.2648898898898899,0.2452830188679245,0.0
apc,srt5krmxlw-hw,0.2805305305305305,0.2452830188679245,0.0
apc,srt5kxli,0.2805305305305305,0.2452830188679245,0.0
apc,srt5kxlt,0.2648898898898899,0.2452830188679245,0.0
apc,srt6krmxli,0.3743743743743744,0.2955974842767296,0.0
apc,srt6krmxlt,0.3743743743743744,0.2955974842767296,0.0
apc,srt6kxlt,0.3743743743743744,0.2955974842767296,0.0
apc,srt8krmxli,0.4994994994994995,0.3962264150943396,0.0
apc,srt8krmxlt,0.4994994994994995,0.3962264150943396,0.0
apc,srt8kxli,0.4994994994994995,0.3962264150943396,0.0
apc,su1000rmi2u,0.0409159159159159,0.0440251572327044,0.0
apc,su1000xlnet,0.0409159159159159,0.0440251572327044,0.0
apc,su1400rmxlib3u,0.0646896896896896,0.0641509433962264,0.0
apc,su2200r3x167,0.1228728728728728,0.1044025157232704,0.0
apc,su3000rmtx136,0.1397647647647647,0.1446540880503145,0.0
apc,su5000r5tbx120,0.2336086086086086,0.2452830188679245,0.0
apc,su700x167,0.0271521521521521,0.0289308176100628,0.0
apc,su700x93,0.0271521521521521,0.0289308176100628,0.0
apc,sua1000,0.0409159159159159,0.0440251572327044,0.0
apc,sua1000rm1u,0.039039039039039,0.0440251572327044,0.0
apc,sua1000rm2u,0.0409159159159159,0.0440251572327044,0.0
apc,sua1000rmi1u,0.039039039039039,0.0440251572327044,0.0
apc,sua1000us,0.0409159159159159,0.0440251572327044,0.0
apc,sua1000xl,0.049049049049049,0.0440251572327044,0.0
apc,sua1500,0.0603103103103103,0.0661635220125786,0.0
apc,sua1500-rf,0.0603103103103103,0.0661635220125786,0.0
apc,sua1500r2x122,0.0603103103103103,0.0661635220125786,0.0
apc,sua1500r2x138,0.0603103103103103,0.0661635220125786,0.0
apc,sua1500r2x93,0.0603103103103103,0.0661635220125786,0.0
apc,sua1500rm2u,0.0603103103103103,0.0661635220125786,0.0
apc,sua1500rmi2u,0.0603103103103103,0.0691823899371069,0.0
apc,sua1500rmj2ub,0.0603103103103103,0.0691823899371069,0.0
apc,sua1500x93,0.0603103103103103,0.0661635220125786,0.0
apc,sua2200,0.1228728728728728,0.1044025157232704,0.0
apc,sua2200r2x147,0.1228728728728728,0.1044025157232704,0.0
apc,sua2200rm2u,0.1228728728728728,0.1044025157232704,0.0
apc,sua2200x115,0.1228728728728728,0.1044025157232704,0.0
apc,sua2200xl,0.1147397397397397,0.1044025157232704,0.0
apc,sua2200xli,0.1228728728728728,0.1044025157232704,0.0
apc,sua3000,0.1679179179179179,0.1446540880503145,0.0
apc,sua3000i,0.1679179179179179,0.1446540880503145,0.0
apc,sua3000r2ix38,0.1679179179179179,0.1446540880503145,0.0
apc,sua3000rm2u,0.1679179179179179,0.1446540880503145,0.0
apc,sua3000rmi2u,0.1679179179179179,0.1446540880503145,0.0
apc,sua3000rmxli3u,0.1679179179179179,0.1446540880503145,0.0
apc,sua3000xl,0.1679179179179179,0.1446540880503145,0.0
apc,sua3000xl-netpkg,0.1679179179179179,0.1446540880503145,0.0
apc,sua3000xli,0.1679179179179179,0.1446540880503145,0.0
apc,sua3000xlt,0.1679179179179179,0.1446540880503145,0.0
apc,sua5000r5txfmr,0.2492492492492492,0.2452830188679245,0.0
apc,sua5000rmi5u,0.2492492492492492,0.2452830188679245,0.0
apc,sua5000rmt5u,0.2492492492492492,0.2452830188679245,0.0
apc,sua500pdri-h,0.0193318318318318,0.0188679245283018,0.0
apc,sua500pdri-s,0.0193318318318318,0.0188679245283018,0.0
apc,sua750ix38,0.0302802802802802,0.0314465408805031,0.0
apc,sua750r2ix38,0.029029029029029,0.0314465408805031,0.0
apc,sua750r2x338,0.029029029029029,0.0314465408805031,0.0
apc,sua750rm1u,0.029029029029029,0.0314465408805031,0.0
apc,sua750rmi1u,0.029029029029029,0.0314465408805031,0.0
apc,sua750rmi2u,0.029029029029029,0.0314465408805031,0.0
apc,sua750rmj1ub,0.029029029029029,0.0314465408805031,0.0
apc,sua750xli,0.0365365365365365,0.0314465408805031,0.0
apc,sum1500rmxl2u,0.0881506506506506,0.0661635220125786,0.0
apc,sum1500rmxli2u,0.0881506506506506,0.0691823899371069,0.0
apc,sum3000rmxl2u,0.1773023023023023,0.1446540880503145,0.0
apc,sum3000rmxli2u,0.1773023023023023,0.1446540880503145,0.0
apc,suol2000xli,0.0865865865865865,0.0943396226415094,0.0
apc,surt1000rmxli,0.0427927927927927,0.0440251572327044,0.0
apc,surt1000xli,0.0427927927927927,0.0440251572327044,0.0
apc,surt1000xlim,0.0427927927927927,0.0440251572327044,0.0
apc,surt2000rmxli,0.0865865865865865,0.0943396226415094,0.0
apc,surt2000xli,0.0865865865865865,0.0943396226415094,0.0
apc,surt20krmxlt,1.0,1.0,0.0
apc,surt6000rmxlt3u,0.2617617617617618,0.2955974842767296,0.0
apc,surt6000xlt,0.2617617617617618,0.2955974842767296,0.0
apc,surta1000rmxl2u,0.049049049049049,0.0440251572327044,0.0
apc,surta1000xl,0.049049049049049,0.0440251572327044,0.0
apc,surta1500rmxl2u,0.0646896896896896,0.0691823899371069,0.0
apc,surta1500xl,0.0646896896896896,0.0691823899371069,0.0
apc,surta2200rmxl2u,0.1084834834834834,0.1044025157232704,0.0
apc,surta2200xl,0.1084834834834834,0.1044025157232704,0.0
apc,surta3000rmxl,0.1303803803803803,0.1446540880503145,0.0
apc,surta3000rmxl3u,0.1303803803803803,0.1446540880503145,0.0
apc,surta3000xl,0.1303803803803803,0.1446540880503145,0.0
apc,surtd2200xlim,0.0953453453453453,0.1044025157232704,0.0
apc,surtd3000rmxli,0.1303803803803803,0.1446540880503145,0.0
apc,surtd3000rmxlt3u,0.1303803803803803,0.1446540880503145,0.0
apc,surtd3000xli,0.1303803803803803,0.1446540880503145,0.0
apc,surtd3krmxl3u-tf5,0.1303803803803803,0.1446540880503145,0.0
apc,surtd5000rmxli,0.2179679679679679,0.2452830188679245,0.0
apc,surtd5000rmxlp3u,0.2492492492492492,0.2452830188679245,0.0
apc,surtd5000rmxlt3u,0.2179679679679679,0.2452830188679245,0.0
apc,surtd5000xli,0.2179679679679679,0.2452830188679245,0.0
apc,surtd6000rmxlp3u,0.2617617617617618,0.2955974842767296,0.0
apc,sy12kexbx120,0.5245245245245246,0.5974842767295598,0.0
belkin,f6c500-unv,0.0162037037037037,0.0188679245283018,0.0
belkin,f6h650-ser,0.0215215215215215,0.0264150943396226,0.0
cyberpower,avrg750u,0.0271521521521521,0.0314465408805031,0.0
cyberpower,avrg900u,0.029029029029029,0.0389937106918239,0.0
cyberpower,brg1000avrlcd,0.0365365365365365,0.0440251572327044,0.0
cyberpower,brg1350avrlcd,0.0496746746746746,0.0616352201257861,0.0
cyberpower,brg1500avrlcd,0.0553053053053053,0.0691823899371069,0.0
cyberpower,brg1500avrlcdtaa,0.0553053053053053,0.0691823899371069,0.0
cyberpower,brg850avrlcd,0.0309059059059059,0.0364779874213836,0.0
cyberpower,bu800e-uk,0.024024024024024,0.0339622641509434,0.0
cyberpower,cp1000avrlcd,0.0365365365365365,0.0440251572327044,0.0
cyberpower,cp1000pfclcd,0.0365365365365365,0.0440251572327044,0.0
cyberpower,cp1000pfclcdtaa,0.0365365365365365,0.0440251572327044,0.0
cyberpower,cp1200avr,0.044044044044044,0.0540880503144654,0.0
cyberpower,cp1300epfclcd,0.0477977977977977,0.0591194968553459,0.0
cyberpower,cp1350avrlcd,0.0496746746746746,0.0616352201257861,0.0
cyberpower,cp1350pfclcd,0.0496746746746746,0.0616352201257861,0.0
cyberpower,cp1500avrlcd,0.0553053053053053,0.0691823899371069,0.0
cyberpower,cp1500avrt,0.0553053053053053,0.0691823899371069,0.0
cyberpower,cp1500pfclcd,0.0615615615615615,0.0691823899371069,0.0
cyberpower,cp1500pfclcdtaa,0.0553053053053053,0.0691823899371069,0.0
cyberpower,cp350slg,0.0149524524524524,0.0113207547169811,0.0
cyberpower,cp425slg,0.0149524524524524,0.0150943396226415,0.0
cyberpower,cp550sl,0.0196446446446446,0.0213836477987421,0.0
cyberpower,cp550slg,0.0196446446446446,0.0213836477987421,0.0
cyberpower,cp550slgtaa,0.0196446446446446,0.0213836477987421,0.0
cyberpower,cp600lcd,0.0202702702702702,0.0238993710691823,0.0
cyberpower,cp685avr,0.0233983983983984,0.0281761006289308,0.0
cyberpower,cp685avrlcd,0.0233983983983984,0.0281761006289308,0.0
cyberpower,cp750lcd,0.0252752752752752,0.0314465408805031,0.0
cyberpower,cp750lcdtaa,0.0252752752752752,0.0314465408805031,0.0
cyberpower,cp800avr,0.0271521521521521,0.0339622641509434,0.0
cyberpower,cp825avrlcd,0.0271521521521521,0.0352201257861635,0.0
cyberpower,cp825lcd,0.0271521521521521,0.0352201257861635,0.0
cyberpower,cp850avrlcd,0.0309059059059059,0.0364779874213836,0.0
cyberpower,cp850pfclcd,0.0309059059059059,0.0364779874213836,0.0
cyberpower,cp900avr,0.034034034034034,0.0389937106918239,0.0
cyberpower,cps1500avr,0.0584334334334334,0.0691823899371069,0.0
cyberpower,cs16u48v-8,0.0,0.0691823899371069,0.0
cyberpower,cs24c12v2-e,0.0005005005005005,0.0691823899371069,0.0
cyberpower,cs50u48v,0.0021271271271271,0.0691823899371069,0.0
cyberpower,ec350g,0.0149524524524524,0.0113207547169811,0.0
cyberpower,ec550g,0.0196446446446446,0.0213836477987421,0.0
cyberpower,ec650lcd,0.0233983983983984,0.0264150943396226,0.0
cyberpower,ec750g,0.0271521521521521,0.0314465408805031,0.0
cyberpower,ec850lcd,0.0309059059059059,0.0364779874213836,0.0
cyberpower,gx1325u,0.0496746746746746,0.060377358490566,0.0
cyberpower,gx1500u,0.0553053053053053,0.0691823899371069,0.0
cyberpower,lx1500gu-fc,0.0553053053053053,0.0691823899371069,0.0
cyberpower,ol10000rt3u,0.5620620620620621,0.4968553459119497,0.0
cyberpower,ol1000rtxl2u,0.0553053053053053,0.0440251572327044,0.0
cyberpower,ol1500rtxl2u,0.0834584584584584,0.0691823899371069,0.0
cyberpower,ol2000rtxl2u,0.1116116116116116,0.1044025157232704,0.0
cyberpower,ol2200rtxl2u,0.1116116116116116,0.1044025157232704,0.0
cyberpower,ol3000rmxl2u,0.1303803803803803,0.1446540880503145,0.0
cyberpower,ol3000rtxl2u,0.1679179179179179,0.1446540880503145,0.0
cyberpower,ol6000rt3u,0.3368368368368368,0.2955974842767296,0.0
cyberpower,ol8000rt3u,0.4494494494494495,0.3962264150943396,0.0
cyberpower,or1000lcdrm1u,0.0365365365365365,0.0440251572327044,0.0
cyberpower,or1500lcdrm1u,0.0553053053053053,0.0691823899371069,0.0
cyberpower,or1500lcdrt2u,0.0553053053053053,0.0691823899371069,0.0
cyberpower,or1500lcdrtxl2u,0.0693818818818818,0.0691823899371069,0.0
cyberpower,or1500pfcrt2u,0.0553053053053053,0.0691823899371069,0.0
cyberpower,or2200lcdrt2u,0.0815815815815815,0.0943396226415094,0.0
cyberpower,or2200lcdrtxl2u,0.1022272272272272,0.1038993710691824,0.0
cyberpower,or2200pfcrt2u,0.0815815815815815,0.0943396226415094,0.0
cyberpower,or2200pfcrt2ua,0.0803303303303303,0.1044025157232704,0.0
cyberpower,or500lcdrm1u,0.0177677677677677,0.0188679245283018,0.0
cyberpower,or700lcdrm1u,0.024024024024024,0.0289308176100628,0.0
cyberpower,pp800sw,0.0334084084084084,0.0339622641509434,0.0
cyberpower,pr1000lcd,0.0427927927927927,0.0440251572327044,0.0
cyberpower,pr1000lcdrm1u,0.0459209209209209,0.0440251572327044,0.0
cyberpower,pr1000lcdrt1u,0.049049049049049,0.0440251572327044,0.0
cyberpower,pr1000lcdrt2u,0.0427927927927927,0.0440251572327044,0.0
cyberpower,pr1000lcdrt2utaa,0.0427927927927927,0.0440251572327044,0.0
cyberpower,pr1000lcdrtxl2u,0.0553053053053053,0.0440251572327044,0.0
cyberpower,pr1000lcdrtxl2ua,0.0459209209209209,0.0440251572327044,0.0
cyberpower,pr1000lcdtaa,0.0427927927927927,0.0440251572327044,0.0
cyberpower,pr1500lcd,0.0646896896896896,0.0691823899371069,0.0
cyberpower,pr1500lcdrt2u,0.0834584584584584,0.0691823899371069,0.0
cyberpower,pr1500lcdrt2utaa,0.0615615615615615,0.0691823899371069,0.0
cyberpower,pr1500lcdrtxl2u,0.0834584584584584,0.0691823899371069,0.0
cyberpower,pr1500lcdrtxl2utaa,0.0693818818818818,0.0691823899371069,0.0
cyberpower,pr1500lcdrtxl2ua,0.0834584584584584,0.0691823899371069,0.0
cyberpower,pr1500lcdtaa,0.0646896896896896,0.0691823899371069,0.0
cyberpower,pr1500swrm2u,0.0615615615615615,0.0691823899371069,0.0
cyberpower,pr2200lcd,0.1228728728728728,0.1044025157232704,0.0
cyberpower,pr2200lcdrt2u,0.099099099099099,0.1028930817610063,0.0
cyberpower,pr2200lcdrt2utaa,0.099099099099099,0.1028930817610063,0.0
cyberpower,pr2200lcdrtxl2u,0.1335085085085085,0.1018867924528302,0.0
cyberpower,pr2200lcdrtxl2utaa,0.1022272272272272,0.1018867924528302,0.0
cyberpower,pr2200lcdsl,0.1228728728728728,0.0978616352201258,0.0
cyberpower,pr2200swrm2u,0.0928428428428428,0.1044025157232704,0.0
cyberpower,pr3000lcd,0.1679179179179179,0.1446540880503145,0.0
cyberpower,pr3000lcdrt2u,0.1679179179179179,0.1446540880503145,0.0
cyberpower,pr3000lcdrt2utaa,0.1397647647647647,0.1446540880503145,0.0
cyberpower,pr3000lcdrtxl2u,0.1866866866866866,0.1446540880503145,0.0
cyberpower,pr3000lcdrtxl2utaa,0.1491491491491491,0.1446540880503145,0.0
cyberpower,pr3000lcdsl,0.1679179179179179,0.1446540880503145,0.0
cyberpower,pr5000lcdrtxl5u,0.2492492492492492,0.2452830188679245,0.0
cyberpower,pr5000lcdrtxl5utaa,0.2492492492492492,0.2452830188679245,0.0
cyberpower,pr500lcdrt1u,0.024024024024024,0.0188679245283018,0.0
cyberpower,pr6000lcdrtxl5u,0.2805305305305305,0.2955974842767296,0.0
cyberpower,pr750lcd,0.0318443443443443,0.0314465408805031,0.0
cyberpower,pr750lcdrm1u,0.034034034034034,0.0314465408805031,0.0
cyberpower,pr750lcdrt1u,0.0365365365365365,0.0289308176100628,0.0
cyberpower,pr750lcdrtxl2u,0.0412287287287287,0.0314465408805031,0.0
cyberpower,pr750lcdtaa,0.0318443443443443,0.0314465408805031,0.0
cyberpower,se425g,0.0149524524524524,0.0150943396226415,0.0
cyberpower,st425,0.0152652652652652,0.0150943396226415,0.0
fujitsu,s26113-e400-l1,0.0603103103103103,0.0691823899371069,0.0
hp,af418a,0.0615615615615615,0.0691823899371069,0.0
hp,af446a,0.0302802802802802,0.0314465408805031,0.0
hp,af447a,0.0302802802802802,0.0314465408805031,0.0
hp,af448a,0.0409159159159159,0.0440251572327044,0.0
hp,af449a,0.0409159159159159,0.0440251572327044,0.0
hp,af450a,0.0584334334334334,0.0641509433962264,0.0
hp,af451a,0.0584334334334334,0.0641509433962264,0.0
hp,af460a,0.2805305305305305,0.2452830188679245,0.0
hp,af461a,0.2805305305305305,0.2452830188679245,0.0
hp,af463a,0.3931431431431431,0.3106918238993711,0.0
hp,af466a,0.1679179179179179,0.1386163522012578,0.0
hp,af467a,0.1866866866866866,0.159748427672956,0.0
hp,af468a,0.1866866866866866,0.159748427672956,0.0
hp,af469a,0.0615615615615615,0.0691823899371069,0.0
hp,af471a,0.0615615615615615,0.0691823899371069,0.0
ibm,2130r6x,0.0646896896896896,0.0691823899371069,0.0
ibm,53951ax,0.0615615615615615,0.0691823899371069,0.0
ibm,53951kx,0.0615615615615615,0.0691823899371069,0.0
ibm,53952kx,0.1191191191191191,0.1044025157232704,0.0
ibm,53953kx,0.1679179179179179,0.1446540880503145,0.0
ibm,53959kx,0.6246246246246246,0.5471698113207547,0.0
lenovo,33l3478,0.6246246246246246,0.0276729559748427,0.0
lenovo,55943ax,0.1679179179179179,0.1446540880503145,0.0
tripp lite,avr550u,0.0177677677677677,0.0213836477987421,0.0
tripp lite,avr650um,0.0193318318318318,0.0264150943396226,0.0
tripp lite,avr700u,0.0208958958958958,0.0289308176100628,0.0
tripp lite,avr700uxrm,0.0208958958958958,0.0289308176100628,0.0
tripp lite,avr750u,0.0271521521521521,0.0314465408805031,0.0
tripp lite,avr900u,0.029029029029029,0.0389937106918239,0.0
tripp lite,avr900utaa,0.029029029029029,0.0389937106918239,0.0
tripp lite,avrx550u,0.0177677677677677,0.0213836477987421,0.0
tripp lite,avrx750u,0.0271521521521521,0.0314465408805031,0.0
tripp lite,bc350,0.0102602602602602,0.0113207547169811,0.0
tripp lite,bc600sine,0.0224599599599599,0.0238993710691823,0.0
tripp lite,bcpers300,0.0099474474474474,0.0088050314465408,0.0
tripp lite,bcpers450,0.0165165165165165,0.0163522012578616,0.0
tripp lite,bcpersonal450,0.0165165165165165,0.0163522012578616,0.0
tripp lite,bcpro1050,0.0431056056056056,0.0465408805031446,0.0
tripp lite,bcpro1400,0.0578078078078078,0.0641509433962264,0.0
tripp lite,bcpro600,0.020583083083083,0.0238993710691823,0.0
tripp lite,eco350ups,0.0102602602602602,0.0113207547169811,0.0
tripp lite,eco550ups,0.0177677677677677,0.0213836477987421,0.0
tripp lite,eco550upstaa,0.0177677677677677,0.0213836477987421,0.0
tripp lite,eco650lcd,0.0193318318318318,0.0264150943396226,0.0
tripp lite,eco650upsm,0.0193318318318318,0.0264150943396226,0.0
tripp lite,eco750ups,0.0271521521521521,0.0314465408805031,0.0
tripp lite,eco750upstaa,0.0271521521521521,0.0314465408805031,0.0
tripp lite,eco850lcd,0.025588088088088,0.0364779874213836,0.0
tripp lite,eco900upsm,0.029029029029029,0.0389937106918239,0.0
tripp lite,ht850ups,0.0271521521521521,0.0314465408805031,0.0
tripp lite,htrl15ups,0.0553053053053053,0.0691823899371069,0.0
tripp lite,internet350ser,0.0102602602602602,0.0113207547169811,0.0
tripp lite,internet350u,0.0102602602602602,0.0113207547169811,0.0
tripp lite,internet550ser,0.0177677677677677,0.0213836477987421,0.0
tripp lite,internet550u,0.0177677677677677,0.0213836477987421,0.0
tripp lite,internet600u,0.0177677677677677,0.0238993710691823,0.0
tripp lite,internet750u,0.0271521521521521,0.0314465408805031,0.0
tripp lite,internet900u,0.029029029029029,0.0389937106918239,0.0
tripp lite,internetoffice300,0.0083833833833833,0.0088050314465408,0.0
tripp lite,internetoffice500,0.0165165165165165,0.0188679245283018,0.0
tripp lite,internetoffice700,0.025588088088088,0.0289308176100628,0.0
tripp lite,intrnt offc700r,0.025588088088088,0.0289308176100628,0.0
tripp lite,omni smt300pnp,0.0102602602602602,0.0088050314465408,0.0
tripp lite,omni1000iso,0.0427927927927927,0.0440251572327044,0.0
tripp lite,omni1500lcdt,0.0496746746746746,0.0691823899371069,0.0
tripp lite,omni500iso,0.0177677677677677,0.0188679245283018,0.0
tripp lite,omni650lcd,0.0208958958958958,0.0264150943396226,0.0
tripp lite,omni700lcd,0.0252752752752752,0.0289308176100628,0.0
tripp lite,omni750iso,0.0302802802802802,0.0314465408805031,0.0
tripp lite,omni900lcd,0.0287162162162162,0.0389937106918239,0.0
tripp lite,omnismart1400,0.0578078078078078,0.0641509433962264,0.0
tripp lite,omnismart1400pnp,0.0578078078078078,0.0641509433962264,0.0
tripp lite,omnismart300pnp,0.0102602602602602,0.0088050314465408,0.0
tripp lite,omnismart350hg,0.0130755755755755,0.010314465408805,0.0
tripp lite,omnismart500,0.0177677677677677,0.0188679245283018,0.0
tripp lite,omnismart700,0.025588088088088,0.0289308176100628,0.0
tripp lite,omnismartint500pnp,0.0177677677677677,0.0188679245283018,0.0
tripp lite,omnivs1000,0.0302802802802802,0.0440251572327044,0.0
tripp lite,omnivs1500,0.0578078078078078,0.0691823899371069,0.0
tripp lite,omnivs1500xl,0.0578078078078078,0.0691823899371069,0.0
tripp lite,omnivs1500xltaa,0.0578078078078078,0.0691823899371069,0.0
tripp lite,omnivs500u,0.0177677677677677,0.0188679245283018,0.0
tripp lite,omnivs800,0.0287162162162162,0.0339622641509434,0.0
tripp lite,omnivsint1000,0.0302802802802802,0.0440251572327044,0.0
tripp lite,omnivsint1500xl,0.0578078078078078,0.0691823899371069,0.0
tripp lite,omnivsint800,0.0287162162162162,0.0339622641509434,0.0
tripp lite,omnix1500xltaa,0.0578078078078078,0.0691823899371069,0.0
tripp lite,omnix350hg,0.0130755755755755,0.0113207547169811,0.0
tripp lite,pos500,0.0177677677677677,0.0188679245283018,0.0
tripp lite,sm1000rm1utaa,0.049049049049049,0.0440251572327044,0.0
tripp lite,sm1000rm2utaa,0.0427927927927927,0.0440251572327044,0.0
tripp lite,sm1050nafta,0.0431056056056056,0.0465408805031446,0.0
tripp lite,sm1500rmxl2utaa,0.0834584584584584,0.0691823899371069,0.0
tripp lite,sm1500xlnafta,0.0603103103103103,0.0691823899371069,0.0
tripp lite,sm2200nafta,0.1053553553553553,0.1044025157232704,0.0
tripp lite,sm2200rmdvtaa,0.1191191191191191,0.1044025157232704,0.0
tripp lite,sm2200rmnafta,0.099099099099099,0.1044025157232704,0.0
tripp lite,sm2200rmxl2utaa,0.099099099099099,0.1044025157232704,0.0
tripp lite,sm3000nafta,0.1491491491491491,0.1446540880503145,0.0
tripp lite,sm3000rm2untaa,0.1397647647647647,0.1446540880503145,0.0
tripp lite,sm3000rm2utaa,0.1397647647647647,0.1446540880503145,0.0
tripp lite,sm3000rmnafta,0.1397647647647647,0.1446540880503145,0.0
tripp lite,sm3000rmxl2utaa,0.1791791791791791,0.1446540880503145,0.0
tripp lite,sm3000rmxlntaa,0.1791791791791791,0.1446540880503145,0.0
tripp lite,sm500rmnafta,0.0177677677677677,0.0188679245283018,0.0
tripp lite,smart1000lcd,0.0302802802802802,0.0440251572327044,0.0
tripp lite,smart1000lcdtaa,0.0302802802802802,0.0440251572327044,0.0
tripp lite,smart1000rm1u,0.049049049049049,0.0440251572327044,0.0
tripp lite,smart1000rm2u,0.049049049049049,0.0440251572327044,0.0
tripp lite,smart1000rmxl2u,0.0553053053053053,0.0440251572327044,0.0
tripp lite,smart1050,0.0431056056056056,0.0465408805031446,0.0
tripp lite,smart1050net,0.0431056056056056,0.0465408805031446,0.0
tripp lite,smart1050slt,0.0409159159159159,0.0465408805031446,0.0
tripp lite,smart1050sltaa,0.0396646646646646,0.0465408805031446,0.0
tripp lite,smart1200lcd,0.0427927927927927,0.0540880503144654,0.0
tripp lite,smart1200xlhg,0.0459209209209209,0.0440251572327044,0.0
tripp lite,smart1300lcdt,0.044044044044044,0.0591194968553459,0.0
tripp lite,smart1500,0.0603103103103103,0.0691823899371069,0.0
tripp lite,smart1500crmxl,0.089089089089089,0.0691823899371069,0.0
tripp lite,smart1500lcd,0.0553053053053053,0.0691823899371069,0.0
tripp lite,smart1500lcdt,0.0553053053053053,0.0691823899371069,0.0
tripp lite,smart1500lcdxl,0.0553053053053053,0.0691823899371069,0.0
tripp lite,smart1500rm2u,0.0834584584584584,0.0691823899371069,0.0
tripp lite,smart1500rm2un,0.0834584584584584,0.0691823899371069,0.0
tripp lite,smart1500rmxl2u,0.0578078078078078,0.0691823899371069,0.0
tripp lite,smart1500rmxl2ua,0.0834584584584584,0.0691823899371069,0.0
tripp lite,smart1500rmxln,0.0834584584584584,0.0691823899371069,0.0
tripp lite,smart1500slt,0.0584334334334334,0.0691823899371069,0.0
tripp lite,smart1500xl,0.0603103103103103,0.0691823899371069,0.0
tripp lite,smart1500xltaa,0.0603103103103103,0.0691823899371069,0.0
tripp lite,smart2200,0.1053553553553553,0.1044025157232704,0.0
tripp lite,smart2200crmxl,0.1178678678678678,0.1044025157232704,0.0
tripp lite,smart2200net,0.1053553553553553,0.1044025157232704,0.0
tripp lite,smart2200rm2u,0.1191191191191191,0.1044025157232704,0.0
tripp lite,smart2200rm2un,0.1191191191191191,0.1044025157232704,0.0
tripp lite,smart2200rmxl2u,0.1191191191191191,0.1044025157232704,0.0
tripp lite,smart2200rmxln,0.1191191191191191,0.1044025157232704,0.0
tripp lite,smart2200slt,0.099099099099099,0.1044025157232704,0.0
tripp lite,smart2200sltaa,0.099099099099099,0.1044025157232704,0.0
tripp lite,smart2200vs,0.099099099099099,0.1044025157232704,0.0
tripp lite,smart2200vsxl,0.099099099099099,0.1044025157232704,0.0
tripp lite,smart2500xlhg,0.1191191191191191,0.1044025157232704,0.0
tripp lite,smart2600rm2u,0.1191191191191191,0.1245283018867924,0.0
tripp lite,smart3000crmxl,0.1791791791791791,0.1446540880503145,0.0
tripp lite,smart3000net,0.1491491491491491,0.1446540880503145,0.0
tripp lite,smart3000rm2u,0.1397647647647647,0.1446540880503145,0.0
tripp lite,smart3000rm2un,0.1397647647647647,0.1446540880503145,0.0
tripp lite,smart3000rmod2u,0.1791791791791791,0.1446540880503145,0.0
tripp lite,smart3000rmxl2u,0.1791791791791791,0.1446540880503145,0.0
tripp lite,smart3000rmxln,0.1791791791791791,0.1446540880503145,0.0
tripp lite,smart3000slt,0.1397647647647647,0.1446540880503145,0.0
tripp lite,smart3000vs,0.1397647647647647,0.1446540880503145,0.0
tripp lite,smart3000vstaa,0.1397647647647647,0.1446540880503145,0.0
tripp lite,smart5000rt3u,0.2492492492492492,0.2452830188679245,0.0
tripp lite,smart5000rt3uxr,0.2492492492492492,0.2452830188679245,0.0
tripp lite,smart5000tel3u,0.2336086086086086,0.2452830188679245,0.0
tripp lite,smart5000xfmrxl,0.2336086086086086,0.2452830188679245,0.0
tripp lite,smart500rt1u,0.0177677677677677,0.0188679245283018,0.0
tripp lite,smart500rt1utaa,0.0177677677677677,0.0188679245283018,0.0
tripp lite,smart550usb,0.0177677677677677,0.0213836477987421,0.0
tripp lite,smart550usbtaa,0.0177677677677677,0.0213836477987421,0.0
tripp lite,smart700,0.0271521521521521,0.0289308176100628,0.0
tripp lite,smart700dva,0.0271521521521521,0.0289308176100628,0.0
tripp lite,smart700hg,0.0271521521521521,0.0289308176100628,0.0
tripp lite,smart700ser,0.0271521521521521,0.0289308176100628,0.0
tripp lite,smart750,0.0271521521521521,0.0314465408805031,0.0
tripp lite,smart750rm1u,0.0365365365365365,0.0314465408805031,0.0
tripp lite,smart750rmxl2u,0.0365365365365365,0.0314465408805031,0.0
tripp lite,smart750slt,0.0302802802802802,0.0314465408805031,0.0
tripp lite,smart750usb,0.0271521521521521,0.0314465408805031,0.0
tripp lite,smart750usbtaa,0.0271521521521521,0.0314465408805031,0.0
tripp lite,smart750xl,0.0271521521521521,0.0314465408805031,0.0
tripp lite,smart750xla,0.0302802802802802,0.0314465408805031,0.0
tripp lite,smartint1400rm,0.0578078078078078,0.0641509433962264,0.0
tripp lite,smartint2200vs,0.099099099099099,0.1044025157232704,0.0
tripp lite,smartint3000vs,0.1397647647647647,0.1446540880503145,0.0
tripp lite,smc10002urm,0.0427927927927927,0.0440251572327044,0.0
tripp lite,smc15002urm,0.0615615615615615,0.0691823899371069,0.0
tripp lite,smt1500lcdt,0.0553053053053053,0.0691823899371069,0.0
tripp lite,smx1000lcd,0.0302802802802802,0.0440251572327044,0.0
tripp lite,smx1000rt2u,0.0427927927927927,0.0440251572327044,0.0
tripp lite,smx1050slt,0.0396646646646646,0.0465408805031446,0.0
tripp lite,smx1200xlhg,0.0459209209209209,0.0440251572327044,0.0
tripp lite,smx1500lcd,0.0553053053053053,0.0691823899371069,0.0
tripp lite,smx1500lcdt,0.0553053053053053,0.0691823899371069,0.0
tripp lite,smx1500slt,0.0553053053053053,0.0691823899371069,0.0
tripp lite,smx1500xlrt2u,0.0834584584584584,0.0691823899371069,0.0
tripp lite,smx2200rt2utaa,0.099099099099099,0.1044025157232704,0.0
tripp lite,smx2200xlrt2u,0.1191191191191191,0.1044025157232704,0.0
tripp lite,smx3000rt2utaa,0.1397647647647647,0.1446540880503145,0.0
tripp lite,smx3000xlrt2ua,0.1679179179179179,0.1446540880503145,0.0
tripp lite,smx5000xlrt3u,0.2336086086086086,0.2452830188679245,0.0
tripp lite,smx500rt1u,0.0177677677677677,0.0188679245283018,0.0
tripp lite,smx750slt,0.0302802802802802,0.0314465408805031,0.0
tripp lite,su10000rt3u2tf,0.4994994994994995,0.4968553459119497,0.0
tripp lite,su1000rtxl2ua,0.049049049049049,0.0440251572327044,0.0
tripp lite,su1000rtxlcd2u,0.0553053053053053,0.0440251572327044,0.0
tripp lite,su1000xla,0.049049049049049,0.0440251572327044,0.0
tripp lite,su1000xlcd,0.0553053053053053,0.0440251572327044,0.0
tripp lite,su10krt3u,0.4369369369369369,0.4968553459119497,0.0
tripp lite,su10krt3uhv,0.4369369369369369,0.4968553459119497,0.0
tripp lite,su12000rt4u,0.5245245245245246,0.5974842767295598,0.0
tripp lite,su12000rt4uhw,0.5245245245245246,0.5974842767295598,0.0
tripp lite,su1500rmnafta,0.074074074074074,0.0691823899371069,0.0
tripp lite,su1500rtxl2u,0.074074074074074,0.0691823899371069,0.0
tripp lite,su1500rtxl2ua,0.074074074074074,0.0691823899371069,0.0
tripp lite,su1500rtxl2un,0.074074074074074,0.0691823899371069,0.0
tripp lite,su1500rtxlcd2u,0.0834584584584584,0.0691823899371069,0.0
tripp lite,su1500xl,0.074074074074074,0.0691823899371069,0.0
tripp lite,su1500xlcd,0.0834584584584584,0.0691823899371069,0.0
tripp lite,su2200rtxl2ua,0.099099099099099,0.1044025157232704,0.0
tripp lite,su2200rtxl2un,0.099099099099099,0.1044025157232704,0.0
tripp lite,su2200rtxlcd2u,0.1116116116116116,0.1044025157232704,0.0
tripp lite,su2200xl,0.099099099099099,0.1044025157232704,0.0
tripp lite,su2200xla,0.099099099099099,0.1044025157232704,0.0
tripp lite,su2200xlcd,0.1116116116116116,0.1044025157232704,0.0
tripp lite,su3000rtxl2u,0.1554054054054054,0.1446540880503145,0.0
tripp lite,su3000rtxl3u,0.1491491491491491,0.1446540880503145,0.0
tripp lite,su3000rtxl3uhv,0.1491491491491491,0.1446540880503145,0.0
tripp lite,su3000rtxl3un,0.1491491491491491,0.1446540880503145,0.0
tripp lite,su3000rtxlcd2u,0.1679179179179179,0.1446540880503145,0.0
tripp lite,su3000rtxlcd3u,0.1679179179179179,0.1446540880503145,0.0
tripp lite,su3000rtxr3u,0.1491491491491491,0.1446540880503145,0.0
tripp lite,su3000xl,0.1491491491491491,0.1446540880503145,0.0
tripp lite,su3000xlcd,0.1679179179179179,0.1446540880503145,0.0
tripp lite,su3000xlnafta,0.1491491491491491,0.1446540880503145,0.0
tripp lite,su5000rt3u,0.2179679679679679,0.2452830188679245,0.0
tripp lite,su5000rt3uhv,0.2179679679679679,0.2452830188679245,0.0
tripp lite,su5000rt4u,0.2367367367367367,0.2452830188679245,0.0
tripp lite,su6000rt3u,0.2617617617617618,0.2955974842767296,0.0
tripp lite,su6000rt3uhv,0.2617617617617618,0.2955974842767296,0.0
tripp lite,su6000rt3uhvxl,0.2617617617617618,0.2955974842767296,0.0
tripp lite,su6000rt4u,0.2617617617617618,0.2955974842767296,0.0
tripp lite,su6000rt4uhv,0.3368368368368368,0.2955974842767296,0.0
tripp lite,su6000rt4uhvg,0.3368368368368368,0.2955974842767296,0.0
tripp lite,su6000rt4uhvhw,0.3368368368368368,0.2955974842767296,0.0
tripp lite,su6000rt4utf,0.3368368368368368,0.2955974842767296,0.0
tripp lite,su6000rt4utfhw,0.3368368368368368,0.2955974842767296,0.0
tripp lite,su750rtxl2u,0.0365365365365365,0.0314465408805031,0.0
tripp lite,su750rtxlcd2u,0.0412287287287287,0.0314465408805031,0.0
tripp lite,su750xl,0.0365365365365365,0.0314465408805031,0.0
tripp lite,su8000rt3u,0.3993993993993994,0.3962264150943396,0.0
tripp lite,su8000rt3ug,0.3993993993993994,0.3962264150943396,0.0
tripp lite,su8000rt4u,0.3493493493493493,0.3962264150943396,0.0
tripp lite,suint1000rtxl2ua,0.049049049049049,0.0440251572327044,0.0
tripp lite,suint1500rtxl2ua,0.074074074074074,0.0691823899371069,0.0
tripp lite,suint2000xl,0.0865865865865865,0.0943396226415094,0.0
tripp lite,suint2200rtxl2ua,0.099099099099099,0.1044025157232704,0.0
tripp lite,suint3000rtxl2u,0.1554054054054054,0.1446540880503145,0.0
tripp lite,suint3000rtxl3u,0.1491491491491491,0.1446540880503145,0.0
tripp lite,te1200,0.0578078078078078,0.0540880503144654,0.0
tripp lite,te600,0.025588088088088,0.0238993710691823,0.0
APC,APC3IA,2250.0,3000.0,"['USD', '0.00']"
APC,BE325,185.0,325.0,"['USD', '0.00']"
APC,BE325-GR,185.0,325.0,"['USD', '236.00']"
APC,BE325-LM,185.0,325.0,"['USD', '0.00']"
APC,BE325R,185.0,325.0,"['USD', '59.95']"
APC,BE350,225.0,350.0,"['USD', '0.00']"
APC,BE350C,200.0,350.0,"['USD', '0.00']"
APC,BE350G,200.0,350.0,"['USD', '0.00']"
APC,BE350G-CN,200.0,350.0,"['USD', '0.00']"
APC,BE350G-LM,200.0,350.0,"['USD', '0.00']"
APC,BE350R,200.0,350.0,"['USD', '0.00']"
APC,BE350R-CN,200.0,350.0,"['USD', '0.00']"
APC,BE350U-CN,200.0,350.0,"['USD', '0.00']"
APC,BE400-CP,240.0,400.0,"['USD', '0.00']"
APC,BE400-FR,240.0,400.0,"['USD', '259.00']"
APC,BE400-GR,240.0,400.0,"['USD', '305.00']"
APC,BE450G,257.0,450.0,"['USD', '0.00']"
APC,BE450G-CN,257.0,450.0,"['USD', '79.98']"
APC,BE450G-LM,257.0,450.0,"['USD', '0.00']"
APC,BE500R,300.0,500.0,"['USD', '0.00']"
APC,BE500R-CN,300.0,500.0,"['USD', '0.00']"
APC,BE500U-CN,300.0,500.0,"['USD', '0.00']"
APC,BE525-RS,300.0,525.0,"['USD', '0.00']"
APC,BE550-CP,330.0,550.0,"['USD', '0.00']"
APC,BE550-GR,330.0,550.0,"['USD', '0.00']"
APC,BE550-UK,330.0,700.0,"['USD', '0.00']"
APC,BE550G,330.0,550.0,"['USD', '69.99']"
APC,BE550G-CN,330.0,550.0,"['USD', '0.00']"
APC,BE550G-GR,330.0,550.0,"['USD', '0.00']"
APC,BE550G/LM,330.0,550.0,"['USD', '0.00']"
APC,BE550R,330.0,550.0,"['USD', '103.94']"
APC,BE550R-CN,330.0,550.0,"['USD', '0.00']"
APC,BE600-LM,360.0,600.0,"['USD', '0.00']"
APC,BE650BB,390.0,650.0,"['USD', '0.00']"
APC,BE650G,390.0,650.0,"['USD', '0.00']"
APC,BE650G-CN,390.0,650.0,"['USD', '0.00']"
APC,BE650G-LM,390.0,650.0,"['USD', '0.00']"
APC,BE650G1,390.0,650.0,"['USD', '74.31']"
APC,BE650G1-CN,390.0,650.0,"['USD', '112.01']"
APC,BE650G1-LM,390.0,650.0,"['USD', '95.99']"
APC,BE650MC,390.0,650.0,"['USD', '0.00']"
APC,BE650R,390.0,650.0,"['USD', '74.32']"
APC,BE650R-CN,390.0,650.0,"['USD', '0.00']"
APC,BE700-AZ,405.0,700.0,"['USD', '0.00']"
APC,BE700-CP,405.0,700.0,"['USD', '0.00']"
APC,BE700-GR,405.0,700.0,"['USD', '0.00']"
APC,BE700-UK,405.0,700.0,"['USD', '0.00']"
APC,BE700G-GR,405.0,700.0,"['USD', '140.49']"
APC,BE700G-UK,405.0,700.0,"['USD', '396.00']"
APC,BE750BB,450.0,750.0,"['USD', '0.00']"
APC,BE750BB-CN,450.0,750.0,"['USD', '0.00']"
APC,BE750BBX450,450.0,750.0,"['USD', '0.00']"
APC,BE750G,450.0,750.0,"['USD', '0.00']"
APC,BE750G-CN,450.0,750.0,"['USD', '0.00']"
APC,BE750G-LM,450.0,750.0,"['USD', '0.00']"
APC,BF350-FR,225.0,350.0,"['USD', '0.00']"
APC,BF350-GR,225.0,350.0,"['USD', '0.00']"
APC,BF350U,225.0,350.0,"['USD', '0.00']"
APC,BF500,325.0,500.0,"['USD', '0.00']"
APC,BF500-AZ,325.0,500.0,"['USD', '0.00']"
APC,BF500-GR,325.0,500.0,"['USD', '0.00']"
APC,BF500-UK,325.0,500.0,"['USD', '0.00']"
APC,BF500U,325.0,500.0,"['USD', '0.00']"
APC,BG500,300.0,500.0,"['USD', '0.00']"
APC,BGE90M,75.0,125.0,"['USD', '174.99']"
APC,BH500INET,300.0,500.0,"['USD', '173.94']"
APC,BH500NET,300.0,500.0,"['USD', '0.00']"
APC,BK200,130.0,200.0,"['USD', '0.00']"
APC,BK300C,180.0,300.0,"['USD', '0.00']"
APC,BK300MI,180.0,300.0,"['USD', '0.00']"
APC,BK325I,210.0,325.0,"['USD', '71.99']"
APC,BK350,210.0,350.0,"['USD', '77.99']"
APC,BK350EI,210.0,350.0,"['USD', '0.00']"
APC,BK400,250.0,400.0,"['USD', '0.00']"
APC,BK450,300.0,450.0,"['USD', '0.00']"
APC,BK500,300.0,500.0,"['USD', '108.99']"
APC,BK500BLK,300.0,500.0,"['USD', '102.48']"
APC,BK500EI,300.0,500.0,"['USD', '112.99']"
APC,BK500JP,300.0,500.0,"['USD', '0.00']"
APC,BK500JS,300.0,500.0,"['USD', '0.00']"
APC,BK500MI,300.0,500.0,"['USD', '0.00']"
APC,BK600,400.0,600.0,"['USD', '0.00']"
APC,BK650EI,400.0,650.0,"['USD', '129.99']"
APC,BN1080G,650.0,1080.0,"['USD', '0.00']"
APC,BN1100M2,600.0,1100.0,"['USD', '187.95']"
APC,BN4001,257.0,450.0,"['USD', '0.00']"
APC,BN600G,360.0,600.0,"['USD', '0.00']"
APC,BN650M1,360.0,650.0,"['USD', '69.99']"
APC,BN700MC,420.0,700.0,"['USD', '139.97']"
APC,BR1000G,600.0,1000.0,"['USD', '199.00']"
APC,BR1000MS,600.0,1000.0,"['USD', '145.99']"
APC,BR1200GI,720.0,1200.0,"['USD', '369.70']"
APC,BR1300G,780.0,1300.0,"['USD', '328.00']"
APC,BR1500G,865.0,1500.0,"['USD', '226.70']"
APC,BR1500GI,865.0,1500.0,"['USD', '433.99']"
APC,BR1500I,865.0,1500.0,"['USD', '0.00']"
APC,BR1500MS,900.0,1500.0,"['USD', '203.99']"
APC,BR500CI-AS,300.0,500.0,"['USD', '51.94']"
APC,BR550GI,330.0,550.0,"['USD', '161.94']"
APC,BR700G,450.0,700.0,"['USD', '114.99']"
APC,BR900GI,540.0,900.0,"['USD', '262.94']"
APC,BX1000G,600.0,1000.0,"['USD', '0.00']"
APC,BX1300G,780.0,1300.0,"['USD', '0.00']"
APC,BX1500G,865.0,1500.0,"['USD', '0.00']"
APC,BX1500M,900.0,1500.0,"['USD', '164.99']"
APC,BX600CI-IN,360.0,600.0,"['USD', '0.00']"
APC,DLRT8000RMXLI6U,6400.0,8000.0,"['USD', '0.00']"
APC,DLT1500I,1000.0,1500.0,"['USD', '0.00']"
APC,DLT1500RMI2U,1000.0,1500.0,"['USD', '0.00']"
APC,J10BLK,600.0,1000.0,"['USD', '511.94']"
APC,J15BLK,865.0,1500.0,"['USD', '574.94']"
APC,SC1000,600.0,1000.0,"['USD', '0.00']"
APC,SC1000I,600.0,1000.0,"['USD', '0.00']"
APC,SC1500I,865.0,1500.0,"['USD', '599.00']"
APC,SC420,260.0,420.0,"['USD', '123.26']"
APC,SC420I,260.0,420.0,"['USD', '168.35']"
APC,SC450R1X542,280.0,450.0,"['USD', '453.94']"
APC,SC450RM1U,280.0,450.0,"['USD', '166.99']"
APC,SC450RMI1U,280.0,450.0,"['USD', '249.99']"
APC,SC620,390.0,620.0,"['USD', '194.99']"
APC,SC620I,390.0,620.0,"['USD', '217.94']"
APC,SC620X565,410.0,620.0,"['USD', '0.00']"
APC,SMC1000,600.0,1000.0,"['USD', '399.99']"
APC,SMC1000-2U,600.0,1000.0,"['USD', '549.00']"
APC,SMC1000I,600.0,1000.0,"['USD', '461.94']"
APC,SMC1000I-2U,600.0,1000.0,"['USD', '454.52']"
APC,SMC1500,900.0,1500.0,"['USD', '449.19']"
APC,SMC1500-2U,900.0,1500.0,"['USD', '0.00']"
APC,SMC1500I,900.0,1500.0,"['USD', '589.94']"
APC,SMC1500I-2U,900.0,1500.0,"['USD', '657.59']"
APC,SMT1000,670.0,1000.0,"['USD', '499.99']"
APC,SMT1000I,670.0,1000.0,"['USD', '548.65']"
APC,SMT1000J,670.0,1000.0,"['USD', '0.00']"
APC,SMT1000RM2U,700.0,1000.0,"['USD', '699.99']"
APC,SMT1000RMI2U,700.0,1000.0,"['USD', '641.22']"
APC,SMT1000US,700.0,1000.0,"['USD', '603.99']"
APC,SMT1500,980.0,1500.0,"['USD', '798.89']"
APC,SMT1500I,980.0,1500.0,"['USD', '789.00']"
APC,SMT1500J,980.0,1500.0,"['USD', '0.00']"
APC,SMT1500R2X122,1000.0,1500.0,"['USD', '816.99']"
APC,SMT1500R2X180,1000.0,1500.0,"['USD', '0.00']"
APC,SMT1500RM1U,1000.0,1440.0,"['USD', '815.99']"
APC,SMT1500RM2U,1000.0,1440.0,"['USD', '699.99']"
APC,SMT1500RMI1U,1000.0,1500.0,"['USD', '1037.94']"
APC,SMT1500RMI2U,1000.0,1500.0,"['USD', '889.14']"
APC,SMT1500RMUS,1000.0,1500.0,"['USD', '915.92']"
APC,SMT1500US,1000.0,1440.0,"['USD', '777.77']"
APC,SMT1500X413,980.0,1500.0,"['USD', '620.47']"
APC,SMT1500X448,1000.0,1500.0,"['USD', '1036.60']"
APC,SMT2200,1980.0,2200.0,"['USD', '1299.99']"
APC,SMT2200I,1980.0,2200.0,"['USD', '1327.46']"
APC,SMT2200R2X106,1980.0,2200.0,"['USD', '1229.95']"
APC,SMT2200R2X180,1980.0,2200.0,"['USD', '0.00']"
APC,SMT2200RM2U,1980.0,2200.0,"['USD', '1325.99']"
APC,SMT2200RMI2U,1980.0,2200.0,"['USD', '741.73']"
APC,SMT2200RMUS,1980.0,2200.0,"['USD', '1266.50']"
APC,SMT2200US,1980.0,2200.0,"['USD', '1114.31']"
APC,SMT3000,2700.0,3000.0,"['USD', '1939.99']"
APC,SMT3000I,2700.0,3000.0,"['USD', '1939.99']"
APC,SMT3000R2X145,2700.0,3000.0,"['USD', '1750.00']"
APC,SMT3000R2X180,2700.0,3000.0,"['USD', '2999.00']"
APC,SMT3000RM2U,2700.0,3000.0,"['USD', '2289.89']"
APC,SMT3000RMI2U,2700.0,3000.0,"['USD', '1763.64']"
APC,SMT3000RMT2U,2700.0,3000.0,"['USD', '1669.77']"
APC,SMT3000RMUS,2700.0,2880.0,"['USD', '1781.11']"
APC,SMT750,500.0,750.0,"['USD', '399.00']"
APC,SMT750I,500.0,750.0,"['USD', '389.83']"
APC,SMT750R2-NMC,500.0,750.0,"['USD', '0.00']"
APC,SMT750RM2U,500.0,750.0,"['USD', '599.99']"
APC,SMT750RMI2U,500.0,750.0,"['USD', '380.49']"
APC,SMT750US,500.0,750.0,"['USD', '369.95']"
APC,SMX1000,800.0,1000.0,"['USD', '558.95']"
APC,SMX1000I,800.0,1000.0,"['USD', '712.94']"
APC,SMX1500RM2U,1200.0,1500.0,"['USD', '743.99']"
APC,SMX1500RM2UNC,1200.0,1500.0,"['USD', '1159.99']"
APC,SMX1500RMI2U,1200.0,1500.0,"['USD', '899.95']"
APC,SMX1500RMI2UNC,1200.0,1500.0,"['USD', '1159.99']"
APC,SMX2000LV,1800.0,1920.0,"['USD', '1142.60']"
APC,SMX2000LVNC,1800.0,1920.0,"['USD', '1142.60']"
APC,SMX2000RMLV2U,1800.0,1920.0,"['USD', '1204.70']"
APC,SMX2000RMLV2UNC,1800.0,1920.0,"['USD', '1643.54']"
APC,SMX2200HV,1980.0,2200.0,"['USD', '1386.96']"
APC,SMX2200RMHV2U,1980.0,2200.0,"['USD', '1633.20']"
APC,SMX2200RMLV2U,1980.0,2200.0,"['USD', '1271.95']"
APC,SMX3000HV,2700.0,3000.0,"['USD', '1682.57']"
APC,SMX3000HVNC,2700.0,3000.0,"['USD', '2114.00']"
APC,SMX3000HVT,2700.0,3000.0,"['USD', '1568.99']"
APC,SMX3000LV,2700.0,3000.0,"['USD', '1299.17']"
APC,SMX3000LVNC,2700.0,3000.0,"['USD', '1591.64']"
APC,SMX3000RMHV2U,2700.0,3000.0,"['USD', '1775.39']"
APC,SMX3000RMHV2UNC,2700.0,3000.0,"['USD', '2402.99']"
APC,SMX3000RMLV2U,2700.0,3000.0,"['USD', '1479.00']"
APC,SMX3000RMLV2UNC,2700.0,3000.0,"['USD', '1535.91']"
APC,SMX750,600.0,750.0,"['USD', '436.38']"
APC,SMX750I,600.0,750.0,"['USD', '589.94']"
APC,SRT10KRMXLI,10000.0,10000.0,"['USD', '10190.79']"
APC,SRT10KRMXLT,10000.0,10000.0,"['USD', '6771.04']"
APC,SRT10KXLI,10000.0,10000.0,"['USD', '6888.00']"
APC,SRT10KXLT,10000.0,10000.0,"['USD', '7143.08']"
APC,SRT5KRMXLI,4500.0,5000.0,"['USD', '2967.71']"
APC,SRT5KRMXLT,4250.0,5000.0,"['USD', '3471.41']"
APC,SRT5KRMXLW-HW,4500.0,5000.0,"['USD', '12849.00']"
APC,SRT5KXLI,4500.0,5000.0,"['USD', '4118.00']"
APC,SRT5KXLT,4250.0,5000.0,"['USD', '4168.74']"
APC,SRT6KRMXLI,6000.0,6000.0,"['USD', '7788.00']"
APC,SRT6KRMXLT,6000.0,6000.0,"['USD', '4285.97']"
APC,SRT6KXLT,6000.0,6000.0,"['USD', '5020.99']"
APC,SRT8KRMXLI,8000.0,8000.0,"['USD', '0.00']"
APC,SRT8KRMXLT,8000.0,8000.0,"['USD', '4999.99']"
APC,SRT8KXLI,8000.0,8000.0,"['USD', '8888.00']"
APC,SU1000RMI2U,670.0,1000.0,"['USD', '0.00']"
APC,SU1000XLNET,670.0,1000.0,"['USD', '0.00']"
APC,SU1400RMXLIB3U,1050.0,1400.0,"['USD', '0.00']"
APC,SU2200R3X167,1980.0,2200.0,"['USD', '1797.94']"
APC,SU3000RMTX136,2250.0,3000.0,"['USD', '0.00']"
APC,SU5000R5TBX120,3750.0,5000.0,"['USD', '0.00']"
APC,SU700X167,450.0,700.0,"['USD', '796.49']"
APC,SU700X93,450.0,700.0,"['USD', '503.99']"
APC,SUA1000,670.0,1000.0,"['USD', '0.00']"
APC,SUA1000RM1U,640.0,1000.0,"['USD', '662.46']"
APC,SUA1000RM2U,670.0,1000.0,"['USD', '0.00']"
APC,SUA1000RMI1U,640.0,1000.0,"['USD', '749.95']"
APC,SUA1000US,670.0,1000.0,"['USD', '0.00']"
APC,SUA1000XL,800.0,1000.0,"['USD', '667.94']"
APC,SUA1500,980.0,1440.0,"['USD', '0.00']"
APC,SUA1500-RF,980.0,1440.0,"['USD', '0.00']"
APC,SUA1500R2X122,980.0,1440.0,"['USD', '0.00']"
APC,SUA1500R2X138,980.0,1440.0,"['USD', '0.00']"
APC,SUA1500R2X93,980.0,1440.0,"['USD', '937.49']"
APC,SUA1500RM2U,980.0,1440.0,"['USD', '0.00']"
APC,SUA1500RMI2U,980.0,1500.0,"['USD', '0.00']"
APC,SUA1500RMJ2UB,980.0,1500.0,"['USD', '0.00']"
APC,SUA1500X93,980.0,1440.0,"['USD', '899.99']"
APC,SUA2200,1980.0,2200.0,"['USD', '0.00']"
APC,SUA2200R2X147,1980.0,2200.0,"['USD', '0.00']"
APC,SUA2200RM2U,1980.0,2200.0,"['USD', '1688.99']"
APC,SUA2200X115,1980.0,2200.0,"['USD', '0.00']"
APC,SUA2200XL,1850.0,2200.0,"['USD', '0.00']"
APC,SUA2200XLI,1980.0,2200.0,"['USD', '0.00']"
APC,SUA3000,2700.0,3000.0,"['USD', '1149.00']"
APC,SUA3000I,2700.0,3000.0,"['USD', '0.00']"
APC,SUA3000R2IX38,2700.0,3000.0,"['USD', '0.00']"
APC,SUA3000RM2U,2700.0,3000.0,"['USD', '0.00']"
APC,SUA3000RMI2U,2700.0,3000.0,"['USD', '0.00']"
APC,SUA3000RMXLI3U,2700.0,3000.0,"['USD', '0.00']"
APC,SUA3000XL,2700.0,3000.0,"['USD', '0.00']"
APC,SUA3000XL-NETPKG,2700.0,3000.0,"['USD', '4388.00']"
APC,SUA3000XLI,2700.0,3000.0,"['USD', '0.00']"
APC,SUA3000XLT,2700.0,3000.0,"['USD', '0.00']"
APC,SUA5000R5TXFMR,4000.0,5000.0,"['USD', '5351.88']"
APC,SUA5000RMI5U,4000.0,5000.0,"['USD', '3095.94']"
APC,SUA5000RMT5U,4000.0,5000.0,"['USD', '3447.99']"
APC,SUA500PDRI-H,325.0,500.0,"['USD', '0.00']"
APC,SUA500PDRI-S,325.0,500.0,"['USD', '517.94']"
APC,SUA750IX38,500.0,750.0,"['USD', '0.00']"
APC,SUA750R2IX38,480.0,750.0,"['USD', '535.94']"
APC,SUA750R2X338,480.0,750.0,"['USD', '0.00']"
APC,SUA750RM1U,480.0,750.0,"['USD', '218.66']"
APC,SUA750RMI1U,480.0,750.0,"['USD', '621.94']"
APC,SUA750RMI2U,480.0,750.0,"['USD', '0.00']"
APC,SUA750RMJ1UB,480.0,750.0,"['USD', '599.99']"
APC,SUA750XLI,600.0,750.0,"['USD', '0.00']"
APC,SUM1500RMXL2U,1425.0,1440.0,"['USD', '1242.01']"
APC,SUM1500RMXLI2U,1425.0,1500.0,"['USD', '1336.94']"
APC,SUM3000RMXL2U,2850.0,3000.0,"['USD', '2270.02']"
APC,SUM3000RMXLI2U,2850.0,3000.0,"['USD', '8924.00']"
APC,SUOL2000XLI,1400.0,2000.0,"['USD', '0.00']"
APC,SURT1000RMXLI,700.0,1000.0,"['USD', '815.94']"
APC,SURT1000XLI,700.0,1000.0,"['USD', '815.94']"
APC,SURT1000XLIM,700.0,1000.0,"['USD', '1122.94']"
APC,SURT2000RMXLI,1400.0,2000.0,"['USD', '0.00']"
APC,SURT2000XLI,1400.0,2000.0,"['USD', '0.00']"
APC,SURT20KRMXLT,16000.0,20000.0,"['USD', '17088.57']"
APC,SURT6000RMXLT3U,4200.0,6000.0,"['USD', '0.00']"
APC,SURT6000XLT,4200.0,6000.0,"['USD', '8888.99']"
APC,SURTA1000RMXL2U,800.0,1000.0,"['USD', '0.00']"
APC,SURTA1000XL,800.0,1000.0,"['USD', '0.00']"
APC,SURTA1500RMXL2U,1050.0,1500.0,"['USD', '1995.00']"
APC,SURTA1500XL,1050.0,1500.0,"['USD', '1688.00']"
APC,SURTA2200RMXL2U,1750.0,2200.0,"['USD', '0.00']"
APC,SURTA2200XL,1750.0,2200.0,"['USD', '2888.00']"
APC,SURTA3000RMXL,2100.0,3000.0,"['USD', '0.00']"
APC,SURTA3000RMXL3U,2100.0,3000.0,"['USD', '1400.00']"
APC,SURTA3000XL,2100.0,3000.0,"['USD', '1199.00']"
APC,SURTD2200XLIM,1540.0,2200.0,"['USD', '1969.04']"
APC,SURTD3000RMXLI,2100.0,3000.0,"['USD', '2105.94']"
APC,SURTD3000RMXLT3U,2100.0,3000.0,"['USD', '0.00']"
APC,SURTD3000XLI,2100.0,3000.0,"['USD', '2105.94']"
APC,SURTD3KRMXL3U-TF5,2100.0,3000.0,"['USD', '0.00']"
APC,SURTD5000RMXLI,3500.0,5000.0,"['USD', '0.00']"
APC,SURTD5000RMXLP3U,4000.0,5000.0,"['USD', '4858.34']"
APC,SURTD5000RMXLT3U,3500.0,5000.0,"['USD', '0.00']"
APC,SURTD5000XLI,3500.0,5000.0,"['USD', '0.00']"
APC,SURTD6000RMXLP3U,4200.0,6000.0,"['USD', '5925.99']"
APC,SY12KEXBX120,8400.0,12000.0,"['USD', '0.00']"
Belkin,F6C500-UNV,275.0,500.0,"['USD', '0.00']"
Belkin,F6H650-SER,360.0,650.0,"['USD', '0.00']"
CyberPower,AVRG750U,450.0,750.0,"['USD', '82.95']"
CyberPower,AVRG900U,480.0,900.0,"['USD', '82.95']"
CyberPower,BRG1000AVRLCD,600.0,1000.0,"['USD', '149.95']"
CyberPower,BRG1350AVRLCD,810.0,1350.0,"['USD', '189.95']"
CyberPower,BRG1500AVRLCD,900.0,1500.0,"['USD', '189.95']"
CyberPower,BRG1500AVRLCDTAA,900.0,1500.0,"['USD', '0.00']"
CyberPower,BRG850AVRLCD,510.0,850.0,"['USD', '124.95']"
CyberPower,BU800E-UK,400.0,800.0,"['USD', '0.00']"
CyberPower,CP1000AVRLCD,600.0,1000.0,"['USD', '119.95']"
CyberPower,CP1000PFCLCD,600.0,1000.0,"['USD', '154.94']"
CyberPower,CP1000PFCLCDTAA,600.0,1000.0,"['USD', '179.90']"
CyberPower,CP1200AVR,720.0,1200.0,"['USD', '132.95']"
CyberPower,CP1300EPFCLCD,780.0,1300.0,"['USD', '0.00']"
CyberPower,CP1350AVRLCD,810.0,1350.0,"['USD', '144.94']"
CyberPower,CP1350PFCLCD,810.0,1350.0,"['USD', '199.95']"
CyberPower,CP1500AVRLCD,900.0,1500.0,"['USD', '154.94']"
CyberPower,CP1500AVRT,900.0,1500.0,"['USD', '172.95']"
CyberPower,CP1500PFCLCD,1000.0,1500.0,"['USD', '209.95']"
CyberPower,CP1500PFCLCDTAA,900.0,1500.0,"['USD', '0.00']"
CyberPower,CP350SLG,255.0,350.0,"['USD', '40.95']"
CyberPower,CP425SLG,255.0,425.0,"['USD', '48.95']"
CyberPower,CP550SL,330.0,550.0,"['USD', '0.00']"
CyberPower,CP550SLG,330.0,550.0,"['USD', '53.39']"
CyberPower,CP550SLGTAA,330.0,550.0,"['USD', '0.00']"
CyberPower,CP600LCD,340.0,600.0,"['USD', '69.95']"
CyberPower,CP685AVR,390.0,685.0,"['USD', '69.95']"
CyberPower,CP685AVRLCD,390.0,685.0,"['USD', '92.95']"
CyberPower,CP750LCD,420.0,750.0,"['USD', '79.95']"
CyberPower,CP750LCDTAA,420.0,750.0,"['USD', '104.63']"
CyberPower,CP800AVR,450.0,800.0,"['USD', '89.95']"
CyberPower,CP825AVRLCD,450.0,825.0,"['USD', '102.95']"
CyberPower,CP825LCD,450.0,825.0,"['USD', '82.95']"
CyberPower,CP850AVRLCD,510.0,850.0,"['USD', '117.95']"
CyberPower,CP850PFCLCD,510.0,850.0,"['USD', '134.94']"
CyberPower,CP900AVR,560.0,900.0,"['USD', '109.95']"
CyberPower,CPS1500AVR,950.0,1500.0,"['USD', '339.95']"
CyberPower,CS16U48V-8,16.0,,"['USD', '0.00']"
CyberPower,CS24C12V2-E,24.0,,"['USD', '0.00']"
CyberPower,CS50U48V,50.0,,"['USD', '150.94']"
CyberPower,EC350G,255.0,350.0,"['USD', '0.00']"
CyberPower,EC550G,330.0,550.0,"['USD', '59.95']"
CyberPower,EC650LCD,390.0,650.0,"['USD', '72.95']"
CyberPower,EC750G,450.0,750.0,"['USD', '79.95']"
CyberPower,EC850LCD,510.0,850.0,"['USD', '88.95']"
CyberPower,GX1325U,810.0,1325.0,"['USD', '179.99']"
CyberPower,GX1500U,900.0,1500.0,"['USD', '199.99']"
CyberPower,LX1500GU-FC,900.0,1500.0,"['USD', '0.00']"
CyberPower,OL10000RT3U,9000.0,10000.0,"['USD', '0.00']"
CyberPower,OL1000RTXL2U,900.0,1000.0,"['USD', '649.95']"
CyberPower,OL1500RTXL2U,1350.0,1500.0,"['USD', '799.95']"
CyberPower,OL2000RTXL2U,1800.0,2200.0,"['USD', '0.00']"
CyberPower,OL2200RTXL2U,1800.0,2200.0,"['USD', '1069.90']"
CyberPower,OL3000RMXL2U,2100.0,3000.0,"['USD', '0.00']"
CyberPower,OL3000RTXL2U,2700.0,3000.0,"['USD', '1479.95']"
CyberPower,OL6000RT3U,5400.0,6000.0,"['USD', '0.00']"
CyberPower,OL8000RT3U,7200.0,8000.0,"['USD', '0.00']"
CyberPower,OR1000LCDRM1U,600.0,1000.0,"['USD', '319.94']"
CyberPower,OR1500LCDRM1U,900.0,1500.0,"['USD', '409.95']"
CyberPower,OR1500LCDRT2U,900.0,1500.0,"['USD', '369.95']"
CyberPower,OR1500LCDRTXL2U,1125.0,1500.0,"['USD', '469.95']"
CyberPower,OR1500PFCRT2U,900.0,1500.0,"['USD', '469.95']"
CyberPower,OR2200LCDRT2U,1320.0,2000.0,"['USD', '449.95']"
CyberPower,OR2200LCDRTXL2U,1650.0,2190.0,"['USD', '609.95']"
CyberPower,OR2200PFCRT2U,1320.0,2000.0,"['USD', '544.80']"
CyberPower,OR2200PFCRT2Ua,1300.0,2200.0,"['USD', '479.95']"
CyberPower,OR500LCDRM1U,300.0,500.0,"['USD', '164.95']"
CyberPower,OR700LCDRM1U,400.0,700.0,"['USD', '215.95']"
CyberPower,PP800SW,550.0,800.0,"['USD', '0.00']"
CyberPower,PR1000LCD,700.0,1000.0,"['USD', '355.95']"
CyberPower,PR1000LCDRM1U,750.0,1000.0,"['USD', '449.90']"
CyberPower,PR1000LCDRT1U,800.0,1000.0,"['USD', '454.94']"
CyberPower,PR1000LCDRT2U,700.0,1000.0,"['USD', '429.95']"
CyberPower,PR1000LCDRT2UTAA,700.0,1000.0,"['USD', '0.00']"
CyberPower,PR1000LCDRTXL2U,900.0,1000.0,"['USD', '469.94']"
CyberPower,PR1000LCDRTXL2UA,750.0,1000.0,"['USD', '469.95']"
CyberPower,PR1000LCDTAA,700.0,1000.0,"['USD', '369.95']"
CyberPower,PR1500LCD,1050.0,1500.0,"['USD', '449.95']"
CyberPower,PR1500LCDRT2U,1350.0,1500.0,"['USD', '515.95']"
CyberPower,PR1500LCDRT2UTAA,1000.0,1500.0,"['USD', '0.00']"
CyberPower,PR1500LCDRTXL2U,1350.0,1500.0,"['USD', '0.00']"
CyberPower,PR1500LCDRTXL2UTAA,1125.0,1500.0,"['USD', '810.95']"
CyberPower,PR1500LCDRTXL2Ua,1350.0,1500.0,"['USD', '0.00']"
CyberPower,PR1500LCDTAA,1050.0,1500.0,"['USD', '459.95']"
CyberPower,PR1500SWRM2U,1000.0,1500.0,"['USD', '0.00']"
CyberPower,PR2200LCD,1980.0,2200.0,"['USD', '779.95']"
CyberPower,PR2200LCDRT2U,1600.0,2170.0,"['USD', '0.00']"
CyberPower,PR2200LCDRT2UTAA,1600.0,2170.0,"['USD', '0.00']"
CyberPower,PR2200LCDRTXL2U,2150.0,2150.0,"['USD', '0.00']"
CyberPower,PR2200LCDRTXL2UTAA,1650.0,2150.0,"['USD', '859.95']"
CyberPower,PR2200LCDSL,1980.0,2070.0,"['USD', '679.95']"
CyberPower,PR2200SWRM2U,1500.0,2200.0,"['USD', '0.00']"
CyberPower,PR3000LCD,2700.0,3000.0,"['USD', '1009.95']"
CyberPower,PR3000LCDRT2U,2700.0,3000.0,"['USD', '2336.98']"
CyberPower,PR3000LCDRT2UTAA,2250.0,3000.0,"['USD', '0.00']"
CyberPower,PR3000LCDRTXL2U,3000.0,3000.0,"['USD', '0.00']"
CyberPower,PR3000LCDRTXL2UTAA,2400.0,3000.0,"['USD', '1019.95']"
CyberPower,PR3000LCDSL,2700.0,3000.0,"['USD', '889.95']"
CyberPower,PR5000LCDRTXL5U,4000.0,5000.0,"['USD', '1879.94']"
CyberPower,PR5000LCDRTXL5UTAA,4000.0,5000.0,"['USD', '2129.95']"
CyberPower,PR500LCDRT1U,400.0,500.0,"['USD', '299.95']"
CyberPower,PR6000LCDRTXL5U,4500.0,6000.0,"['USD', '0.00']"
CyberPower,PR750LCD,525.0,750.0,"['USD', '259.95']"
CyberPower,PR750LCDRM1U,560.0,750.0,"['USD', '399.95']"
CyberPower,PR750LCDRT1U,600.0,700.0,"['USD', '359.94']"
CyberPower,PR750LCDRTXL2U,675.0,750.0,"['USD', '399.95']"
CyberPower,PR750LCDTAA,525.0,750.0,"['USD', '0.00']"
CyberPower,SE425G,255.0,425.0,"['USD', '0.00']"
CyberPower,ST425,260.0,425.0,"['USD', '42.95']"
Eaton,66942,250.0,500.0,"['USD', '0.00']"
Fellowes,99066,,500.0,"['USD', '0.00']"
Fellowes,99067,,600.0,"['USD', '65.98']"
Fujitsu,S26113-E400-L1,980.0,1500.0,"['USD', '1428.00']"
HP,AF418A,1000.0,1500.0,"['USD', '0.00']"
HP,AF446A,500.0,750.0,"['USD', '0.00']"
HP,AF447A,500.0,750.0,"['USD', '0.00']"
HP,AF448A,670.0,1000.0,"['USD', '0.00']"
HP,AF449A,670.0,1000.0,"['USD', '0.00']"
HP,AF450A,950.0,1400.0,"['USD', '0.00']"
HP,AF451A,950.0,1400.0,"['USD', '748.50']"
HP,AF460A,4500.0,5000.0,"['USD', '0.00']"
HP,AF461A,4500.0,5000.0,"['USD', '3142.36']"
HP,AF463A,6300.0,6300.0,"['USD', '0.00']"
HP,AF466A,2700.0,2880.0,"['USD', '0.00']"
HP,AF467A,3000.0,3300.0,"['USD', '0.00']"
HP,AF468A,3000.0,3300.0,"['USD', '0.00']"
HP,AF469A,1000.0,1500.0,"['USD', '0.00']"
HP,AF471A,1000.0,1500.0,"['USD', '0.00']"
IBM,2130R6X,1050.0,1500.0,"['USD', '0.00']"
IBM,53951AX,1000.0,1500.0,"['USD', '0.00']"
IBM,53951KX,1000.0,1500.0,"['USD', '0.00']"
IBM,53952KX,1920.0,2200.0,"['USD', '0.00']"
IBM,53953KX,2700.0,3000.0,"['USD', '0.00']"
IBM,53959KX,10000.0,11000.0,"['USD', '0.00']"
Lenovo,33L3478,,675.0,"['USD', '0.00']"
Lenovo,55943AX,2700.0,3000.0,"['USD', '1617.19']"
Tripp Lite,AVR550U,300.0,550.0,"['USD', '70.97']"
Tripp Lite,AVR650UM,325.0,650.0,"['USD', '80.11']"
Tripp Lite,AVR700U,350.0,700.0,"['USD', '69.14']"
Tripp Lite,AVR700UXRM,350.0,700.0,"['USD', '0.00']"
Tripp Lite,AVR750U,450.0,750.0,"['USD', '88.99']"
Tripp Lite,AVR900U,480.0,900.0,"['USD', '96.99']"
Tripp Lite,AVR900UTAA,480.0,900.0,"['USD', '264.58']"
Tripp Lite,AVRX550U,300.0,550.0,"['USD', '116.13']"
Tripp Lite,AVRX750U,450.0,750.0,"['USD', '187.94']"
Tripp Lite,BC350,180.0,350.0,"['USD', '48.72']"
Tripp Lite,BC600SINE,375.0,600.0,"['USD', '157.96']"
Tripp Lite,BCPERS300,175.0,300.0,"['USD', '108.71']"
Tripp Lite,BCPERS450,280.0,450.0,"['USD', '117.26']"
Tripp Lite,BCPERSONAL450,280.0,450.0,"['USD', '117.26']"
Tripp Lite,BCPRO1050,705.0,1050.0,"['USD', '322.60']"
Tripp Lite,BCPRO1400,940.0,1400.0,"['USD', '423.99']"
Tripp Lite,BCPRO600,345.0,600.0,"['USD', '124.99']"
Tripp Lite,ECO350UPS,180.0,350.0,"['USD', '56.99']"
Tripp Lite,ECO550UPS,300.0,550.0,"['USD', '69.79']"
Tripp Lite,ECO550UPSTAA,300.0,550.0,"['USD', '85.56']"
Tripp Lite,ECO650LCD,325.0,650.0,"['USD', '85.57']"
Tripp Lite,ECO650UPSM,325.0,650.0,"['USD', '83.08']"
Tripp Lite,ECO750UPS,450.0,750.0,"['USD', '89.99']"
Tripp Lite,ECO750UPSTAA,450.0,750.0,"['USD', '113.77']"
Tripp Lite,ECO850LCD,425.0,850.0,"['USD', '70.78']"
Tripp Lite,ECO900UPSM,480.0,900.0,"['USD', '120.15']"
Tripp Lite,HT850UPS,450.0,750.0,"['USD', '299.27']"
Tripp Lite,HTRL15UPS,900.0,1500.0,"['USD', '0.00']"
Tripp Lite,INTERNET350SER,180.0,350.0,"['USD', '58.89']"
Tripp Lite,INTERNET350U,180.0,350.0,"['USD', '48.00']"
Tripp Lite,INTERNET550SER,300.0,550.0,"['USD', '63.97']"
Tripp Lite,INTERNET550U,300.0,550.0,"['USD', '64.99']"
Tripp Lite,INTERNET600U,300.0,600.0,"['USD', '66.97']"
Tripp Lite,INTERNET750U,450.0,750.0,"['USD', '77.66']"
Tripp Lite,INTERNET900U,480.0,900.0,"['USD', '99.99']"
Tripp Lite,INTERNETOFFICE300,150.0,300.0,"['USD', '101.99']"
Tripp Lite,INTERNETOFFICE500,280.0,500.0,"['USD', '124.94']"
Tripp Lite,INTERNETOFFICE700,425.0,700.0,"['USD', '152.13']"
Tripp Lite,INTRNT OFFC700R,425.0,700.0,"['USD', '152.13']"
Tripp Lite,OMNI SMT300PNP,180.0,300.0,"['USD', '139.93']"
Tripp Lite,OMNI1000ISO,700.0,1000.0,"['USD', '434.94']"
Tripp Lite,OMNI1500LCDT,810.0,1500.0,"['USD', '144.99']"
Tripp Lite,OMNI500ISO,300.0,500.0,"['USD', '236.61']"
Tripp Lite,OMNI650LCD,350.0,650.0,"['USD', '107.98']"
Tripp Lite,OMNI700LCD,420.0,700.0,"['USD', '126.24']"
Tripp Lite,OMNI750ISO,500.0,750.0,"['USD', '390.71']"
Tripp Lite,OMNI900LCD,475.0,900.0,"['USD', '122.99']"
Tripp Lite,OMNISMART1400,940.0,1400.0,"['USD', '0.00']"
Tripp Lite,OMNISMART1400PNP,940.0,1400.0,"['USD', '0.00']"
Tripp Lite,OMNISMART300PNP,180.0,300.0,"['USD', '139.93']"
Tripp Lite,OMNISMART350HG,225.0,330.0,"['USD', '403.84']"
Tripp Lite,OMNISMART500,300.0,500.0,"['USD', '0.00']"
Tripp Lite,OMNISMART700,425.0,700.0,"['USD', '277.33']"
Tripp Lite,OMNISMARTINT500PNP,300.0,500.0,"['USD', '0.00']"
Tripp Lite,OMNIVS1000,500.0,1000.0,"['USD', '134.53']"
Tripp Lite,OMNIVS1500,940.0,1500.0,"['USD', '199.99']"
Tripp Lite,OMNIVS1500XL,940.0,1500.0,"['USD', '245.99']"
Tripp Lite,OMNIVS1500XLTAA,940.0,1500.0,"['USD', '311.04']"
Tripp Lite,OMNIVS500U,300.0,500.0,"['USD', '0.00']"
Tripp Lite,OMNIVS800,475.0,800.0,"['USD', '154.28']"
Tripp Lite,OMNIVSINT1000,500.0,1000.0,"['USD', '295.94']"
Tripp Lite,OMNIVSINT1500XL,940.0,1500.0,"['USD', '307.12']"
Tripp Lite,OMNIVSINT800,475.0,800.0,"['USD', '190.00']"
Tripp Lite,OMNIX1500XLTAA,940.0,1500.0,"['USD', '0.00']"
Tripp Lite,OMNIX350HG,225.0,350.0,"['USD', '490.41']"
Tripp Lite,POS500,300.0,500.0,"['USD', '228.28']"
Tripp Lite,SM1000RM1UTAA,800.0,1000.0,"['USD', '612.99']"
Tripp Lite,SM1000RM2UTAA,700.0,1000.0,"['USD', '499.94']"
Tripp Lite,SM1050NAFTA,705.0,1050.0,"['USD', '0.00']"
Tripp Lite,SM1500RMXL2UTAA,1350.0,1500.0,"['USD', '734.94']"
Tripp Lite,SM1500XLNAFTA,980.0,1500.0,"['USD', '476.55']"
Tripp Lite,SM2200NAFTA,1700.0,2200.0,"['USD', '0.00']"
Tripp Lite,SM2200RMDVTAA,1920.0,2200.0,"['USD', '1832.00']"
Tripp Lite,SM2200RMNAFTA,1600.0,2200.0,"['USD', '1014.61']"
Tripp Lite,SM2200RMXL2UTAA,1600.0,2200.0,"['USD', '1053.99']"
Tripp Lite,SM3000NAFTA,2400.0,3000.0,"['USD', '0.00']"
Tripp Lite,SM3000RM2UNTAA,2250.0,3000.0,"['USD', '1546.94']"
Tripp Lite,SM3000RM2UTAA,2250.0,3000.0,"['USD', '1274.94']"
Tripp Lite,SM3000RMNAFTA,2250.0,3000.0,"['USD', '0.00']"
Tripp Lite,SM3000RMXL2UTAA,2880.0,3000.0,"['USD', '1156.38']"
Tripp Lite,SM3000RMXLNTAA,2880.0,3000.0,"['USD', '1690.80']"
Tripp Lite,SM500RMNAFTA,300.0,500.0,"['USD', '455.59']"
Tripp Lite,SMART1000LCD,500.0,1000.0,"['USD', '142.59']"
Tripp Lite,SMART1000LCDTAA,500.0,1000.0,"['USD', '204.49']"
Tripp Lite,SMART1000RM1U,800.0,1000.0,"['USD', '538.41']"
Tripp Lite,SMART1000RM2U,800.0,1000.0,"['USD', '467.55']"
Tripp Lite,SMART1000RMXL2U,900.0,1000.0,"['USD', '540.99']"
Tripp Lite,SMART1050,705.0,1050.0,"['USD', '0.00']"
Tripp Lite,SMART1050NET,705.0,1050.0,"['USD', '0.00']"
Tripp Lite,SMART1050SLT,670.0,1050.0,"['USD', '392.57']"
Tripp Lite,SMART1050SLTAA,650.0,1050.0,"['USD', '0.00']"
Tripp Lite,SMART1200LCD,700.0,1200.0,"['USD', '212.99']"
Tripp Lite,SMART1200XLHG,750.0,1000.0,"['USD', '730.20']"
Tripp Lite,SMART1300LCDT,720.0,1300.0,"['USD', '138.92']"
Tripp Lite,SMART1500,980.0,1500.0,"['USD', '468.64']"
Tripp Lite,SMART1500CRMXL,1440.0,1500.0,"['USD', '856.99']"
Tripp Lite,SMART1500LCD,900.0,1500.0,"['USD', '226.99']"
Tripp Lite,SMART1500LCDT,900.0,1500.0,"['USD', '154.99']"
Tripp Lite,SMART1500LCDXL,900.0,1500.0,"['USD', '260.76']"
Tripp Lite,SMART1500RM2U,1350.0,1500.0,"['USD', '570.54']"
Tripp Lite,SMART1500RM2UN,1350.0,1500.0,"['USD', '849.99']"
Tripp Lite,SMART1500RMXL2U,940.0,1500.0,"['USD', '678.46']"
Tripp Lite,SMART1500RMXL2UA,1350.0,1500.0,"['USD', '678.46']"
Tripp Lite,SMART1500RMXLN,1350.0,1500.0,"['USD', '942.94']"
Tripp Lite,SMART1500SLT,950.0,1500.0,"['USD', '463.99']"
Tripp Lite,SMART1500XL,980.0,1500.0,"['USD', '564.37']"
Tripp Lite,SMART1500XLTAA,980.0,1500.0,"['USD', '0.00']"
Tripp Lite,SMART2200,1700.0,2200.0,"['USD', '0.00']"
Tripp Lite,SMART2200CRMXL,1900.0,2200.0,"['USD', '1148.00']"
Tripp Lite,SMART2200NET,1700.0,2200.0,"['USD', '799.99']"
Tripp Lite,SMART2200RM2U,1920.0,2200.0,"['USD', '849.99']"
Tripp Lite,SMART2200RM2UN,1920.0,2200.0,"['USD', '1170.91']"
Tripp Lite,SMART2200RMXL2U,1920.0,2200.0,"['USD', '930.62']"
Tripp Lite,SMART2200RMXLN,1920.0,2200.0,"['USD', '1199.99']"
Tripp Lite,SMART2200SLT,1600.0,2200.0,"['USD', '746.95']"
Tripp Lite,SMART2200SLTAA,1600.0,2200.0,"['USD', '1050.22']"
Tripp Lite,SMART2200VS,1600.0,2200.0,"['USD', '690.83']"
Tripp Lite,SMART2200VSXL,1600.0,2200.0,"['USD', '983.69']"
Tripp Lite,SMART2500XLHG,1920.0,2200.0,"['USD', '626.57']"
Tripp Lite,SMART2600RM2U,1920.0,2600.0,"['USD', '1175.52']"
Tripp Lite,SMART3000CRMXL,2880.0,3000.0,"['USD', '1365.44']"
Tripp Lite,SMART3000NET,2400.0,3000.0,"['USD', '1077.31']"
Tripp Lite,SMART3000RM2U,2250.0,3000.0,"['USD', '996.07']"
Tripp Lite,SMART3000RM2UN,2250.0,3000.0,"['USD', '1499.99']"
Tripp Lite,SMART3000RMOD2U,2880.0,3000.0,"['USD', '0.00']"
Tripp Lite,SMART3000RMXL2U,2880.0,3000.0,"['USD', '1034.64']"
Tripp Lite,SMART3000RMXLN,2880.0,3000.0,"['USD', '1417.88']"
Tripp Lite,SMART3000SLT,2250.0,3000.0,"['USD', '1175.77']"
Tripp Lite,SMART3000VS,2250.0,3000.0,"['USD', '1029.00']"
Tripp Lite,SMART3000VSTAA,2250.0,3000.0,"['USD', '0.00']"
Tripp Lite,SMART5000RT3U,4000.0,5000.0,"['USD', '2930.88']"
Tripp Lite,SMART5000RT3UXR,4000.0,5000.0,"['USD', '0.00']"
Tripp Lite,SMART5000TEL3U,3750.0,5000.0,"['USD', '2339.98']"
Tripp Lite,SMART5000XFMRXL,3750.0,5000.0,"['USD', '2909.99']"
Tripp Lite,SMART500RT1U,300.0,500.0,"['USD', '159.99']"
Tripp Lite,SMART500RT1UTAA,300.0,500.0,"['USD', '0.00']"
Tripp Lite,SMART550USB,300.0,550.0,"['USD', '109.91']"
Tripp Lite,SMART550USBTAA,300.0,550.0,"['USD', '98.30']"
Tripp Lite,SMART700,450.0,700.0,"['USD', '141.88']"
Tripp Lite,SMART700DVA,450.0,700.0,"['USD', '99.95']"
Tripp Lite,SMART700HG,450.0,700.0,"['USD', '586.29']"
Tripp Lite,SMART700SER,450.0,700.0,"['USD', '342.79']"
Tripp Lite,SMART750,450.0,750.0,"['USD', '144.77']"
Tripp Lite,SMART750RM1U,600.0,750.0,"['USD', '363.99']"
Tripp Lite,SMART750RMXL2U,600.0,750.0,"['USD', '427.71']"
Tripp Lite,SMART750SLT,500.0,750.0,"['USD', '306.67']"
Tripp Lite,SMART750USB,450.0,750.0,"['USD', '139.99']"
Tripp Lite,SMART750USBTAA,450.0,750.0,"['USD', '229.70']"
Tripp Lite,SMART750XL,450.0,750.0,"['USD', '0.00']"
Tripp Lite,SMART750XLA,500.0,750.0,"['USD', '431.12']"
Tripp Lite,SMARTINT1400RM,940.0,1400.0,"['USD', '0.00']"
Tripp Lite,SMARTINT2200VS,1600.0,2200.0,"['USD', '884.94']"
Tripp Lite,SMARTINT3000VS,2250.0,3000.0,"['USD', '1233.94']"
Tripp Lite,SMC10002URM,700.0,1000.0,"['USD', '368.91']"
Tripp Lite,SMC15002URM,1000.0,1500.0,"['USD', '474.96']"
Tripp Lite,SMT1500LCDT,900.0,1500.0,"['USD', '154.99']"
Tripp Lite,SMX1000LCD,500.0,1000.0,"['USD', '256.67']"
Tripp Lite,SMX1000RT2U,700.0,1000.0,"['USD', '644.13']"
Tripp Lite,SMX1050SLT,650.0,1050.0,"['USD', '0.00']"
Tripp Lite,SMX1200XLHG,750.0,1000.0,"['USD', '730.81']"
Tripp Lite,SMX1500LCD,900.0,1500.0,"['USD', '403.27']"
Tripp Lite,SMX1500LCDT,900.0,1500.0,"['USD', '226.08']"
Tripp Lite,SMX1500SLT,900.0,1500.0,"['USD', '555.96']"
Tripp Lite,SMX1500XLRT2U,1350.0,1500.0,"['USD', '792.94']"
Tripp Lite,SMX2200RT2UTAA,1600.0,2200.0,"['USD', '0.00']"
Tripp Lite,SMX2200XLRT2U,1920.0,2200.0,"['USD', '1034.94']"
Tripp Lite,SMX3000RT2UTAA,2250.0,3000.0,"['USD', '0.00']"
Tripp Lite,SMX3000XLRT2UA,2700.0,3000.0,"['USD', '1578.50']"
Tripp Lite,SMX5000XLRT3U,3750.0,5000.0,"['USD', '2415.94']"
Tripp Lite,SMX500RT1U,300.0,500.0,"['USD', '255.12']"
Tripp Lite,SMX750SLT,500.0,750.0,"['USD', '399.00']"
Tripp Lite,SU10000RT3U2TF,8000.0,10000.0,"['USD', '5799.99']"
Tripp Lite,SU1000RTXL2UA,800.0,1000.0,"['USD', '569.99']"
Tripp Lite,SU1000RTXLCD2U,900.0,1000.0,"['USD', '696.13']"
Tripp Lite,SU1000XLA,800.0,1000.0,"['USD', '555.41']"
Tripp Lite,SU1000XLCD,900.0,1000.0,"['USD', '633.08']"
Tripp Lite,SU10KRT3U,7000.0,10000.0,"['USD', '6819.00']"
Tripp Lite,SU10KRT3UHV,7000.0,10000.0,"['USD', '1796.71']"
Tripp Lite,SU12000RT4U,8400.0,12000.0,"['USD', '7848.72']"
Tripp Lite,SU12000RT4UHW,8400.0,12000.0,"['USD', '6318.94']"
Tripp Lite,SU1500RMNAFTA,1200.0,1500.0,"['USD', '0.00']"
Tripp Lite,SU1500RTXL2U,1200.0,1500.0,"['USD', '1024.79']"
Tripp Lite,SU1500RTXL2UA,1200.0,1500.0,"['USD', '744.94']"
Tripp Lite,SU1500RTXL2UN,1200.0,1500.0,"['USD', '1052.56']"
Tripp Lite,SU1500RTXLCD2U,1350.0,1500.0,"['USD', '820.99']"
Tripp Lite,SU1500XL,1200.0,1500.0,"['USD', '683.99']"
Tripp Lite,SU1500XLCD,1350.0,1500.0,"['USD', '759.58']"
Tripp Lite,SU2200RTXL2UA,1600.0,2200.0,"['USD', '1102.91']"
Tripp Lite,SU2200RTXL2UN,1600.0,2200.0,"['USD', '1422.99']"
Tripp Lite,SU2200RTXLCD2U,1800.0,2200.0,"['USD', '1297.57']"
Tripp Lite,SU2200XL,1600.0,2200.0,"['USD', '1107.39']"
Tripp Lite,SU2200XLA,1600.0,2200.0,"['USD', '919.44']"
Tripp Lite,SU2200XLCD,1800.0,2200.0,"['USD', '1156.90']"
Tripp Lite,SU3000RTXL2U,2500.0,3000.0,"['USD', '1331.08']"
Tripp Lite,SU3000RTXL3U,2400.0,3000.0,"['USD', '1562.96']"
Tripp Lite,SU3000RTXL3UHV,2400.0,3000.0,"['USD', '0.00']"
Tripp Lite,SU3000RTXL3UN,2400.0,3000.0,"['USD', '1206.55']"
Tripp Lite,SU3000RTXLCD2U,2700.0,3000.0,"['USD', '1803.99']"
Tripp Lite,SU3000RTXLCD3U,2700.0,3000.0,"['USD', '1581.99']"
Tripp Lite,SU3000RTXR3U,2400.0,3000.0,"['USD', '1979.00']"
Tripp Lite,SU3000XL,2400.0,3000.0,"['USD', '1386.91']"
Tripp Lite,SU3000XLCD,2700.0,3000.0,"['USD', '1759.76']"
Tripp Lite,SU3000XLNAFTA,2400.0,3000.0,"['USD', '0.00']"
Tripp Lite,SU5000RT3U,3500.0,5000.0,"['USD', '0.00']"
Tripp Lite,SU5000RT3UHV,3500.0,5000.0,"['USD', '0.00']"
Tripp Lite,SU5000RT4U,3800.0,5000.0,"['USD', '3227.98']"
Tripp Lite,SU6000RT3U,4200.0,6000.0,"['USD', '0.00']"
Tripp Lite,SU6000RT3UHV,4200.0,6000.0,"['USD', '0.00']"
Tripp Lite,SU6000RT3UHVXL,4200.0,6000.0,"['USD', '0.00']"
Tripp Lite,SU6000RT4U,4200.0,6000.0,"['USD', '4219.00']"
Tripp Lite,SU6000RT4UHV,5400.0,6000.0,"['USD', '3240.30']"
Tripp Lite,SU6000RT4UHVG,5400.0,6000.0,"['USD', '2922.94']"
Tripp Lite,SU6000RT4UHVHW,5400.0,6000.0,"['USD', '2986.94']"
Tripp Lite,SU6000RT4UTF,5400.0,6000.0,"['USD', '3708.14']"
Tripp Lite,SU6000RT4UTFHW,5400.0,6000.0,"['USD', '4249.00']"
Tripp Lite,SU750RTXL2U,600.0,750.0,"['USD', '534.88']"
Tripp Lite,SU750RTXLCD2U,675.0,750.0,"['USD', '592.94']"
Tripp Lite,SU750XL,600.0,750.0,"['USD', '479.99']"
Tripp Lite,SU8000RT3U,6400.0,8000.0,"['USD', '3759.94']"
Tripp Lite,SU8000RT3UG,6400.0,8000.0,"['USD', '3776.94']"
Tripp Lite,SU8000RT4U,5600.0,8000.0,"['USD', '4186.94']"
Tripp Lite,SUINT1000RTXL2UA,800.0,1000.0,"['USD', '926.72']"
Tripp Lite,SUINT1500RTXL2UA,1200.0,1500.0,"['USD', '0.00']"
Tripp Lite,SUINT2000XL,1400.0,2000.0,"['USD', '0.00']"
Tripp Lite,SUINT2200RTXL2UA,1600.0,2200.0,"['USD', '0.00']"
Tripp Lite,SUINT3000RTXL2U,2500.0,3000.0,"['USD', '1524.25']"
Tripp Lite,SUINT3000RTXL3U,2400.0,3000.0,"['USD', '0.00']"
Tripp Lite,TE1200,940.0,1200.0,"['USD', '1063.96']"
Tripp Lite,TE600,425.0,600.0,"['USD', '276.94']"
